/*
SQLyog Ultimate v9.63 
MySQL - 5.5.5-10.4.18-MariaDB : Database - facturas_topali
*********************************************************************
*/

/*!40101 SET NAMES utf8 */;

/*!40101 SET SQL_MODE=''*/;

/*!40014 SET @OLD_UNIQUE_CHECKS=@@UNIQUE_CHECKS, UNIQUE_CHECKS=0 */;
/*!40014 SET @OLD_FOREIGN_KEY_CHECKS=@@FOREIGN_KEY_CHECKS, FOREIGN_KEY_CHECKS=0 */;
/*!40101 SET @OLD_SQL_MODE=@@SQL_MODE, SQL_MODE='NO_AUTO_VALUE_ON_ZERO' */;
/*!40111 SET @OLD_SQL_NOTES=@@SQL_NOTES, SQL_NOTES=0 */;
CREATE DATABASE /*!32312 IF NOT EXISTS*/`facturas_topali` /*!40100 DEFAULT CHARACTER SET utf8mb4 */;

USE `facturas_topali`;

/*Table structure for table `cancelaciones` */

DROP TABLE IF EXISTS `cancelaciones`;

CREATE TABLE `cancelaciones` (
  `id` int(11) NOT NULL AUTO_INCREMENT,
  `factura_id` int(11) NOT NULL,
  `razon` text NOT NULL,
  `created_at` datetime DEFAULT NULL,
  `updated_at` datetime DEFAULT NULL,
  PRIMARY KEY (`id`),
  KEY `factura_id` (`factura_id`),
  CONSTRAINT `cancelaciones_ibfk_1` FOREIGN KEY (`factura_id`) REFERENCES `facturas` (`id`) ON DELETE CASCADE ON UPDATE CASCADE
) ENGINE=InnoDB AUTO_INCREMENT=23 DEFAULT CHARSET=utf8mb4;

/*Data for the table `cancelaciones` */

insert  into `cancelaciones`(`id`,`factura_id`,`razon`,`created_at`,`updated_at`) values (1,332,'GENERAR FACTURA EN 2 VECES EN U7N MISMO SERVICIO','2021-08-30 16:32:31','2021-08-30 16:32:31'),(2,45,'SE VAN A COBRAR CON NOTA DE VENTA','2021-08-31 13:14:19','2021-08-31 13:14:19'),(3,46,'SE VA A COBRAR CON NOTA DE VENTA','2021-08-31 13:14:56','2021-08-31 13:14:56'),(4,177,'SE COBRO EN OTRA FACTURA','2021-08-31 13:15:40','2021-08-31 13:15:40'),(5,360,'YA NO QUIEREN RETNCION DEL 6%','2021-08-31 13:16:37','2021-08-31 13:16:37'),(6,445,'duplicada','2021-08-31 14:24:20','2021-08-31 14:24:20'),(7,401,'SOLICITARON RETENCION DEL 6%','2021-08-31 14:39:32','2021-08-31 14:39:32'),(8,403,'SOLICITARON RETENCION DEL 6%','2021-08-31 14:40:10','2021-08-31 14:40:10'),(9,440,'CLIENTE LA SOLICITO A PRINCIPIOS DE SEPTIEMBRE','2021-08-31 17:13:00','2021-08-31 17:13:00'),(10,441,'CLIENTE SOLICITA FACTURA A PRINCIPIOS DE SEPTIEMBRE','2021-08-31 17:13:38','2021-08-31 17:13:38'),(11,437,'Factura duplicada','2021-09-02 12:36:05','2021-09-02 12:36:05'),(12,259,'Borrar','2021-09-02 12:52:40','2021-09-02 12:52:40'),(13,258,'borrar','2021-09-02 12:52:53','2021-09-02 12:52:53'),(14,257,'borrar','2021-09-02 12:53:05','2021-09-02 12:53:05'),(15,256,'437','2021-09-02 12:53:27','2021-09-02 12:53:27'),(16,255,'borrar','2021-09-02 12:53:37','2021-09-02 12:53:37'),(17,254,'437','2021-09-02 12:53:58','2021-09-02 12:53:58'),(18,251,'borrar','2021-09-02 12:54:14','2021-09-02 12:54:14'),(19,253,'borrar','2021-09-02 12:54:26','2021-09-02 12:54:26'),(20,252,'borrar','2021-09-02 12:54:36','2021-09-02 12:54:36'),(21,250,'borrar','2021-09-02 12:54:44','2021-09-02 12:54:44'),(22,449,'Borrar','2021-09-02 13:47:00','2021-09-02 13:47:00');

/*Table structure for table `clientes` */

DROP TABLE IF EXISTS `clientes`;

CREATE TABLE `clientes` (
  `id` int(11) NOT NULL AUTO_INCREMENT,
  `razon_social_id` int(11) NOT NULL,
  `nombre` varchar(255) DEFAULT NULL,
  `domicilio` text DEFAULT NULL,
  `telefono` varchar(255) DEFAULT NULL,
  `correo` varchar(255) DEFAULT NULL,
  `nombre_encargado` varchar(255) DEFAULT NULL,
  `dias_credito` int(11) DEFAULT NULL,
  `created_at` datetime DEFAULT NULL,
  `updated_at` datetime DEFAULT NULL,
  PRIMARY KEY (`id`),
  KEY `razon_social_id` (`razon_social_id`),
  CONSTRAINT `clientes_ibfk_1` FOREIGN KEY (`razon_social_id`) REFERENCES `razones_sociales` (`id`) ON DELETE CASCADE ON UPDATE CASCADE
) ENGINE=InnoDB AUTO_INCREMENT=184 DEFAULT CHARSET=utf8mb4;

/*Data for the table `clientes` */

insert  into `clientes`(`id`,`razon_social_id`,`nombre`,`domicilio`,`telefono`,`correo`,`nombre_encargado`,`dias_credito`,`created_at`,`updated_at`) values (1,1,'AUDITORIA SUPERIOR DEL ESTADO DE JALISCO','AV. NIÑOS HEROES No. 2409, COL. MODERNA, C.P. 44190, GUADALAJARA, JALISCO','3317528811','rrodriguez@asej.gob.mx/isanchez@asej.gob.mx/','ROXANA RODRIGUEZ',7,'2021-08-30 12:33:50','2021-08-30 12:33:50'),(2,1,'BIO ZOO COMERCIAL SA DE CV','CARRETERA A SANTA ANA TEPETITLAN No. 2200, COL. SANTA ANA TEPETITLAN, C.P. 45230, ZAPOPAN, JALISCO','3318890674/3337701057','pleal@biozoo.com.mx/msolano@biozoo.com.mx','DR. JOSE PALMA/ PAULINA LEAN',40,'2021-08-30 12:33:50','2021-08-30 12:33:50'),(3,1,'CARTOGRAPHIC SADE  CV','AV. LA CAÑA No. 3065, COL. LA NOGALERA, C.P. 44490, GUADALAJARA, JALISCO','3334910477/3323841685','luzmaria_garcia@cartographic.com.mx/anaid_soto@cartographic.com.mx/araceli.perez@cartographic.com.mx','ARACELI PEREZ/ANAID SOTO',30,'2021-08-30 12:33:50','2021-08-30 12:33:50'),(4,1,'CEAP CBTIS 45 AC','AV. CECYT No. 100, COL. NUEVO FUERTE, C.P. 47899, OCOTLAN, JALISCO','4421770192','cbtis049.dir@uemstis.sem.gob.mx/comitedepadrescbtis@gmail.com/marcelgutierrez1@hotmail.com','GUILLERMO BUENO SANCHEZ',20,'2021-08-30 12:33:50','2021-08-30 12:33:50'),(5,1,'CERO RIESGO SA DE CV','CALLE 8, COL. COLON INDUSTRIAL, C.P. 44940, GUADALAJARA, JALISCO','3338111115','conta@pusa.com.mx','BLANCA VILLASEÑOR',20,'2021-08-30 12:33:50','2021-08-30 12:33:50'),(6,1,'CESVI DE MEXICO SA ','AV. ENRIQUE DIAZ DE LEON No. 783. COL. MODERNA, C.P. 44190, GUADALAJARA, JALISCO','3338129508','sdelgado@cesvi.com.mx ','SILVIA DELGADO FLORES',30,'2021-08-30 12:33:50','2021-08-30 12:33:50'),(7,1,'COLEGIO INDEPENDENCIA AC','CALLE JAURATA No. 334, COL. LA PERLA, C.P. 44360, GUADALAJARA, JALISCO',NULL,'chelamrtzsau@yahoo.com.mx/colegioindependencia.facturas@gmail.com','SOR GRACIELA MARTINEZ SAUCEDO',7,'2021-08-30 12:33:50','2021-08-30 12:33:50'),(8,1,'CONCRETOS DE ALTA TECNOLOGIA SA DE CV','AV. PATRIA No. 29, COL. CAMICHINES, C.P. 44540, TLAQUEPAQUE, JALISCO','3318508860-2222732440','jdiaz@catsa-concretos.com/jorge.lara@catsaconcretos.mx/patricia.gil@catsaconcretos.mx ','JORGE LARA',15,'2021-08-30 12:33:50','2021-08-30 12:33:50'),(9,1,'CONDOMINIO BELLAVISTA P EN C','CALLE MISION SANTO TOMAS No. 1080, COL. BELLAVISTA, C.P. 45010, ZAPOPAN, JALISCO','3339496170','bellavista1080@gmail.com','JESUS ALEJANDRO JIMENEZ MEXIA',15,'2021-08-30 12:33:50','2021-08-30 12:33:50'),(10,1,'CONDOMINIO PLAZA FONTANA','AV. SANTA MARGARITA No. 4140, COL. JARDIN REAL C.P. 45140, ZAPOPAN, JALISCO','3338989408/3338749571','arodriguez@grupoferran.com/mgonzalez@grupoferran.com','MARCO ANTONIO GONZALEZ MORENO',20,'2021-08-30 12:33:50','2021-08-30 12:33:50'),(11,1,'CONSTRUCCIONES Y SERVICIOS DE INFRAESTRUCTURA SA DE CV ','AV. VALLARTA No. 6503, LOCAL 2, ZONA C, COL. CIUDAD GRANJA, C.P. 45010, ZAPOPAN, JALISCO','3334411282','ezepeda@gruporvg.com','ALEJANDRO REBOLLEDO LOAIZA',30,'2021-08-30 12:33:50','2021-08-30 12:33:50'),(12,1,'CONSTRUCTORA RAL DE OCCIDENTE SA DE CV','AV. PATRIA No. 1721, COL. COLOMOS PROVIDENCIA, C.P. 44660, GUADALAJARA, JALISCO','3338130551 EXT. 115','compras@gruporal.com/recepcion@gruporal.com','MARGARITA GUADALUPE HERRERA GONZALEZ',7,'2021-08-30 12:33:50','2021-08-30 12:33:50'),(13,1,'CONTACT INDUSTRIES S DE RL DE CV','BLVD. BOSQUES DE SAN ISIDRO No. 2300, COL. BOSQUES DE SAN ISIDRO, C.P. 45133, ZAPOPAN, JALISCO','3336866267/8183967121','isaldivar@oatey.com/arodriguez@oatey.com/cuentas.pagar@industriacontac.com','ARTURO RODRIGUEZ',20,'2021-08-30 12:33:50','2021-08-30 12:33:50'),(14,1,'CRECE DESARROLLOS INMOBILIARIOS SA DE CV','AV. CIRCUNVALACION JORGE ALVAREZ DEL CASTILLO No. 1373 INT. 7, COL. CHAPULTEPEC COUNTRY, C.P. 44620, GUADALAJARA, JALISCO','3331680202','scontreras@crecesoluciones.com/finanzasgr@hotmail.com','SONIA CONTRERAS',7,'2021-08-30 12:33:50','2021-08-30 12:33:50'),(15,1,'DESARROLLADORA WARX SA DE CV','CALLE PRIMO FELICIANO VELAZQUEZ No. 3288.COL. ARCOS VALLARTA, C.P. 44500, GUADALAJARA, JALISCO','3318933692','c.metroparkresidences@hotmail.com/valeria.vila@vivemetropark.mx ','VALERIA VILA',15,'2021-08-30 12:33:50','2021-08-30 12:33:50'),(16,1,'DIMEO S DE RL DE CV','AV. EL COLLI No. 4605, COL EL COLLI URBANO 1ERA SECCION, C.P. 45070, ZAPOPAN, JALISCOS','3331161700','regional@dimeo.mx/pagos@dimeo.mx','CESAR TRUJILLO',20,'2021-08-30 12:33:50','2021-08-30 12:33:50'),(17,1,'ECODIFLEX SA DE CV','CALLE FLOR DE AZUCENA No. 50-A, COL. EL ZAPOTE DEL VALLE, C.P. 45672, TLAJOMULCO DE ZUÑIGA, JALISCO.','3336593050/56','contabilidad@ecodiflex.com.mx','ADRIANA BAEZA CASILLAS',10,'2021-08-30 12:33:50','2021-08-30 12:33:50'),(18,1,'ELECTRICAL SUPPORT SA DE CV',NULL,NULL,NULL,NULL,0,'2021-08-30 12:33:50','2021-08-30 12:33:50'),(19,1,'EMPRESA MEXICANA DE MANOFACTURAS SA DE CV','CALLE PARRA No. 1750, COL. EL ROSARIO, C.P. 44890, GUADALAJARA, JALISCO','3335408842','xescamilla@emmsa.com','XOCHITL ESCAMILLA',25,'2021-08-30 12:33:50','2021-08-30 12:33:50'),(20,1,'EMPRESAS VILHER SA DE CV','PRIVADA CAMICHIN No. 11 SANTA ANITA, C.P. 45645, TLAJOMULCO DE ZULIGA, JALISCO','3313123089/3318451268','nhernandez@vilher.com.mx /areyes@vilher.com.mx','NEPTHALI HERNANDEZ/JESUS ALEJANDRO REYES',30,'2021-08-30 12:33:50','2021-08-30 12:33:50'),(21,1,'EMQRO LOGISTICS SA DE CV','AV. DE LA SOLIDARIDAD No. 10001, COL. NUEVA CENTRAL CHAPALA, C.P. 45692, EL SALTO, JALISCO ','4423431386','tesoreria@emqrologistics.com.mx',NULL,20,'2021-08-30 12:33:50','2021-08-30 12:33:50'),(22,1,'ENGINEERES METAL PRODUCTS SA DE CV','AV. SIGLO 21 No. 50 int. 105, COL. SANTA CRUZ DE LAS FLORES, C.P. 45640, TALOJOMULCO DE ZUÑIGA, JALISCO','3336866267/36861102','compras@empmex.com','JOSEFINA DEL CARMEN DE ALBA PEREZ',20,'2021-08-30 12:33:50','2021-08-30 12:33:50'),(23,1,'ESTANCIAS PROLONGADAS SA DE CV','DIAGONAL SAN JORGE No. 93, COL VALLARTA SAN JORGE, C.P. 44960,  ZAPOPAN, JALISCOS',NULL,NULL,NULL,30,'2021-08-30 12:33:50','2021-08-30 12:33:50'),(24,1,'GESTION ADMINISTRACION Y ASESORIA EN PORTAFOLIOS INMOBILIARIOS SA DE CV','AV. MIGUEL HIDALGO Y COSTILLA No. 1845, COL. LADRON DE GUEVARA, C.P. 44600, GUADALAJARA, JALISCO','5566588261/3318400710','jose.hernandez@gain.mx','JOSE HERNANDEZ/KARLA CONTRERAS',30,'2021-08-30 12:33:50','2021-08-30 12:33:50'),(25,1,'GONI INMOBILIARIA SA DE CV','AV. DE LAS GONDOLAS No. 290-A, COL. VALLE DEL ALAMO, C.P. 44440, GUADALAJARA, JALISCO','3334011753/3330444217/15','gonyinmobiliaria@gmail.com/rmercado@concretoslanzados.com/jmunoz@concretoslanzados.com','ROSALIA MERCADO',22,'2021-08-30 12:33:50','2021-08-30 12:33:50'),(26,1,'GRUPO AXERTA SAPI DE CV','AV. VALLARTA No. 3250, COL. VALLARTA SAN JORGE, C.P. 44690, GUADALAJARA, JALISCO','3318934316','descalante@sudocc.com','DAVID ALEJANDRO ESCALANTE LARRIAGA',10,'2021-08-30 12:33:50','2021-08-30 12:33:50'),(27,1,'GRUPO CAMIONERA REGIONAL SA DE CV','PERIFERICO SUR No. 5360, COL. SANTA MARIA TEQUEPEXPAN, C.P.45601, SAN PEDRO TLAQUEPAQUE, JALISCO.','3332718984','cobranza.gdl@camioneraregional.com/carlos.murillo@camioneraregional.com','FRANCISCO HERNANDEZ/CARLOS MURILLO',45,'2021-08-30 12:33:50','2021-08-30 12:33:50'),(28,1,'GRUPO CAVAE SA DE CV','REAL ACUEDUCTO No. 125, COL. PUERTA DE HIERRO, C.P. 45116, ZAPOPAN, JALISCO','331117500 Ext. 128  /3331710324','unicenter@corporativofdz.com','CESAR PAZ',10,'2021-08-30 12:33:50','2021-08-30 12:33:50'),(29,1,'GRUPO FERRETERO PERISUR SA DE CV','GONZALEZ GALLO No. 320, COL. ALAMO INDUSTRIAL, C.P. 44560, TLAQUEPAQUE, JALISCO','3338149284/3336598464','pagos@gfperisur.com.mx','MARIANA ARREDONDO',7,'2021-08-30 12:33:50','2021-08-30 12:33:50'),(30,1,'GRUPO INDUSTRIAL COPAR SA DE CV ','CALLE 28 No. 2525, COL. ZONA INDUSTRIAL, C.P. 44940, GUADALAJARA, JALSICO','3331451245 EXT. 105','auxiliar@copar.com.mx/proveedores@copar.com.mx/jpartida@copar.com.mx','LIC. JAIME PARTIDA QUINTANAR',30,'2021-08-30 12:33:50','2021-08-30 12:33:50'),(31,1,'GRUPO PETROLERO ARCA SA DE CV','AV. JESUS No. 1220, COL. VALLE DE LA MISERICORDIA, C.P. 45615, TLAQUEPAQUE, JALISCO','3337976529/3332017036','jfk.coral@gmail.com/segindustrial@petroarca.com/pagos@petroarca.com','JOSE FRANCISCO TORRES',20,'2021-08-30 12:33:50','2021-08-30 12:33:50'),(32,1,'GUARDABOX  SA DE CV','AV. LAZARO CARDENAS No. 711, COL. LA NOGALERA, C.P. 44470, GUADALAJARA, JALSICO','3331857527/3333708549','hector.rubio@guardabox.com/erika.iniestra@guardabox.com ','HECTOR RUBIO /ERIKA INIESTRA',15,'2021-08-30 12:33:50','2021-08-30 12:33:50'),(33,1,'GF EVENT SA DE CV','REAL ACUEDUCTO No. 125, COL. PUERTA DE HIERRO, C.P. 45116, ZAPOPAN, JALISCO','331117500 Ext. 128  /3331710324','unicenter@corporativofdz.com/rhernandez@grupofernandez.com.mx','CESAR PAZ',10,'2021-08-30 12:33:50','2021-08-30 14:29:26'),(34,1,'INMOBILIARIA MOREGA SA DE CV','AV. SANTA MARGARITA No. 4860, COL. JARDIN REAL, C.P. 45136, ZAPOPAN, JALISCO.','333122 8484','mauricio@superrenta.com ','MARYPAZ GONZALEZ/MAURICIO CORONA',7,'2021-08-30 12:33:50','2021-08-30 12:33:50'),(35,1,'INMOBILIARIA ARCAF SA DE CV','CALLE DEL SILICIO No. 2, FRACCIONAMIENTO NUEVA GALICIA, C.P. 45645, TLAJOMULCO DE ZUÑIGA','3312980450','cristhian@inback.mx','CRISTHIAN',20,'2021-08-30 12:33:50','2021-08-30 12:33:50'),(36,1,'INMOBILIARIA FERABAR SA DE CV','REAL ACUEDUCTO No. 125, COL. PUERTA DE HIERRO, C.P. 45116, ZAPOPAN, JALISCO','331117500 Ext. 128  /3331710324','unicenter@corporativofdz.com','CESAR PAZ',10,'2021-08-30 12:33:50','2021-08-30 12:33:50'),(37,1,'INSTITUTO NACIONAL ELECTORAL TEPATITLAN','ANACLETO GONZALEZ  No. 448, local 4K-A, TEPATITLAN DE MORELOS, JALISCO','3787815550','ramiro.penedo@ine.mx','RAMIRO PINEDO',15,'2021-08-30 12:33:50','2021-08-30 12:33:50'),(38,1,'INTERACK GLOBAL LOGISTICS SA DE CV','DR. ROBERTO MICHEL No. 640, COL. SAN CARLOS, C.P. 44460, GUADALAJARA, JALISCO.','3333368920           Ext. 109','mariana.herrera@interack.mx/azael.sanchez@interack.mx','MARIANA HERRERA',7,'2021-08-30 12:33:50','2021-08-30 12:33:50'),(39,1,'JESUS JULIO GUIZAR FRANCO','AV. NIÑOS HEROES No. 240, COL. SAN PEDRO TLAQUEPAQUE, C.P. 45500, SAN PEDRO TLAQUEPAQUE, JALISCO','3336357429','facturasdxtlaquepaque@gmail.com ','VERONICA ACEVES',30,'2021-08-30 12:33:50','2021-08-30 12:33:50'),(40,1,'JIMENEZ AUTOCAMIONES SA DE CV','PROLONGACION. AV. VALLARTA No. 9997-F, LOCALIDAD RANCHO CONTENTO, C.P. 45222, ZAPOPAN, JALISCO.','3337771333 EXT. 104/ 3313482895','rhuman@jimenezautocamiones.mx','JORGE EDUARDO SANCHEZ MARTINEZ',7,'2021-08-30 12:33:50','2021-08-30 12:33:50'),(41,1,'LACTEOS E INSUMOS ALIMENTICIOS S DE R L DE C V','AGUA No. 24 INT 10 COL.PASEOS UNIVERSIDAD, C.P. 45016, ZAPOPAN, JAL. ','3314571472','compras@lactin.mx; logisticaycalidad@lactin.mx','ROBERTO DE LA GARZA',30,'2021-08-30 12:33:50','2021-08-30 12:33:50'),(42,1,'LIBRERIAS GANDHI SA DE CV','LOPEZ COTILLA No. 1567. COL. LAFAYETTE, C.P. 44140, GUADALAJARA, JALISCO','5541454901','mariana.belmont@gandhi.com.mx','MARIANA BELMONT',20,'2021-08-30 12:33:50','2021-08-30 12:33:50'),(43,1,'MADE ADMINISTRACION INTEGRAL DE PROYECTOS SA DE CV','AV. MEXICO No. 5000, COL. JUAN MANUEL VALLARTA, C.P. 45120, ZAPOPAN, JALISCO','5566588261/3318480710','jose.hernandez@gain.mx','JOSE HERNANDEZ',30,'2021-08-30 12:33:50','2021-08-30 12:33:50'),(44,1,'MAGIA Y MUEBLE SA DE CV','CALLE RIO NILO No. 5 COL. SANTA PAULA, C.P. 45420, TONALA, JALISCO','3331273621/3336901456 EXT. 12 ','compras@magiaymueble.com/rrhh@magiaymueble.com','JANETH ORNELAS GARCIA/SELENE CARRILLO',15,'2021-08-30 12:33:50','2021-08-30 12:33:50'),(45,1,'MAQYALUM SA DE CV','CALLE REVOLUCION No. 16, COL. RANCHO EL ZAPOTE, C.P. 45640, TLAJOMULCO DE ZUÑIGA, JALISCO','3316911478','rivera.monserrat.295@gmail.com/vcarrion.alumdesa@gmail.com/fact.alumdesa@gmail.com','KARINA MONSERRAT RUVERA DELGADILLO',30,'2021-08-30 12:33:50','2021-08-30 12:33:50'),(46,1,'MARMOLES ARCA SA DE CV ','ACUEDUCTO No. 6050 UNIDAD PRIVATIVA 37, COL. LOMAS DEL BOSQUE, C.P. 45118, ZAPOPAN, JALISCO','5510530804/ 5544482200','asosa@gpoarca.com/dflores@gpoarca.com','ADRIAN SOSA/ROBERTO',25,'2021-08-30 12:33:50','2021-08-30 12:33:50'),(47,1,'METRO RESIDENCES','AV. ECONOMOS No. 6919, COL. RINCONADA DEL PARQUE, C.P. 45010, ZAPOPAN, JALISCO','3317420301','c.metroparkresidences@hotmail.com ','MONICA ARREOLA',15,'2021-08-30 12:33:50','2021-08-30 12:33:50'),(48,1,'MEXICO IS THE SHIT SA DE CV','CALLE ZARZAMORA No. 972, COL. DEL FRESNO, C.P. 44900, GUDALAJARA, JALISCO','3338103030','cobranza@desechablesamigables.com','JESSICA CORONA',30,'2021-08-30 12:33:50','2021-08-30 12:33:50'),(49,1,'MOISES MONTES CASTELLANOS','BRUSELAS No. 307 COL. AMERICANA, C.P. 44160, GDL. JAL. ',NULL,'moimontes@hotmail.com','MOISES MONTES',30,'2021-08-30 12:33:50','2021-08-30 12:33:50'),(50,1,'NACIONAL DE POSTFORMADOS SA DE CV','VOLCAN COFRE DE PEROTE No, 5309-A, COL. RINCONADA DEL STA. CATALINA, C.P. 45070, ZAPOPAN, JALISCO','3336284755/33 36284883','edgar.gonzalez@napsamexico.com/florentino.lupercio@napsamexico.com     ','EDGAR GONZALEZ/FLORENTINO LUPERCIO NORIEGA',15,'2021-08-30 12:33:50','2021-08-30 12:33:50'),(51,1,'NUEVA AUTOMOTRIZ OCCIDENTAL SA DE CV','AV. CLOUTHIER No. 1320, COL. JARDINES DEL TEPEYAC, C.P. 45050, GUADALAJARA, JALISCO','3336710071 Ext. 108','jfernandez@naosa.com.mx/agomez@naosa.com.mx/fevillasenor@naosa.com.mx','JAQUELINE FERNANDEZ',30,'2021-08-30 12:33:50','2021-08-30 12:33:50'),(52,1,'OPERADORA DE AIRE PAZ SA DE CV','AV. LOPEZ COTILLA No. 2008, COL. ARCOS VALLARTA, C.P. 44160, GUADALAJARA, JALISCO','3311102366','alfonso.rc@airepaz.com','ALFONSO RANGEL',10,'2021-08-30 12:33:50','2021-08-30 12:33:50'),(53,1,'PLAZA PICACHO','LAZARO CARDENAS No. 3370 JARDINES DE SAN IGNACIO C.P. 45040 ZAPOPAN, JALISCO',NULL,'pcontreras@camarena.com.mx, contabilidad1@camarena.com.mx; impuestos@camarena.com.mx',NULL,20,'2021-08-30 12:33:50','2021-08-30 12:33:50'),(54,1,'POLYMERSHAPES MEXICO S DE RL DE CV','PROLONGACION JOSE MARIA PINO SUAREZ No. 1001, COL. EL VIGIA, C.P. 45140, ZAPOPAN, JALISCO','3310255128','lonofre@polymershapes.com/mexicoap@polymershapes.com','LUIS ONOFRE',20,'2021-08-30 12:33:50','2021-08-30 12:33:50'),(55,1,'PROCESADORA CONFITERA DE MEXICO SA DE CV','Calle Industria Electrica No. 2373, Zapopan Industrial Norte, C.P. 45130, Zapopan, Jalisco','3338236082','m.angelicaolvera@yahoo.com.mx/a.aguilera.procomex@gmail.com','ANA AGUILERA/MARTHA ANGELICA OLVERA PIÑA',30,'2021-08-30 12:33:50','2021-08-30 12:33:50'),(56,1,'PROTECCION A LA INFANCIA AC','CALLE 5 DE FEBRERO No. 1401, COL. OLIMPICA, C.P. 44430,GUADALAJARA, JALISCO','36198022  Ext. 111/3331960917','rhhospitallaluz14@gmail.com/laluzhospital11@yahoo.com.mx/frm2001@hotmail.com','MONICA DURAN',30,'2021-08-30 12:33:50','2021-08-30 12:33:50'),(57,1,'QPN NUEVO LEON SA DE CV','AV. CRISTOBAL COLON No. 3064, COL. JARDINES DE SAN JOSE, C.P. 44950, GUADALAJARA, JALISCO','8115995060','daniela.soto@qualitypost.com.mx','DANIELA SOTO',7,'2021-08-30 12:33:50','2021-08-30 12:33:50'),(58,1,'REFRIGERADOS ROJO SADE CV','CARR. EL SALTO -ALAMEDA KM. 24.5, COL. LA ALAMEDA, C.P. 45680, EL SALTO, JALISCO','3336592405-3338384196','susana_felix@refrigeradosrojo.com/contabilidad@refrigeradosrojo.com/recursoshumanos@refrigeradosrojo.com  ','SUSANA FELIX/ BEATRIZ SOLORZANO ',20,'2021-08-30 12:33:50','2021-08-30 12:33:50'),(59,1,'RUBA DESARROLLOS SA DE CV','AV. VALLARTA No. 3233 TNT. G01-G15, COL. VALLARTA PONIENTE, C.P. 44110, GUADALAJARA, JALISCO','3388527000 EXT. 17044','norma.rendon@ruba.com.mx/jorge.guzman@ruba.com.mx/maria.reynaga@uba.com.mx/victor.lugo@ruba.com.mx ','JORGE GUZMAN/MARIA DEL SAGRARIO REYNAGA',30,'2021-08-30 12:33:50','2021-08-30 12:33:50'),(60,1,'RUBA SERVICIOS SA DE CV','AV. VALLARTA No. 3233 TNT. G01-G15, COL. VALLARTA PONIENTE, C.P. 44110, GUADALAJARA, JALISCO','3388527000 EXT. 17044','norma.rendon@ruba.com.mx/jorge.guzman@ruba.com.mx/maria.reynaga@uba.com.mx/victor.lugo@ruba.com.mx ','JORGE GUZMAN/MARIA DEL SAGRARIO REYNAGA',30,'2021-08-30 12:33:50','2021-08-30 12:33:50'),(61,1,'SAN FELIPE ESCOLAR SA DE CV','ESTEBAN LOERA No. 200, COL. OBLATOS, C.P. 44380, GUADALAJARA, JALISCO','3338831818','jaime@sanfelipeescolar.com.mx/netyali@sanfelipeescolar.com.mx/ana@sanfelipeescolar.com.mx','JAIME MAGDALENO CASTAÑEDA',7,'2021-08-30 12:33:50','2021-08-30 12:33:50'),(62,1,'SEGURIDAD Y PROTECCION BANCARIAS SA DE CV','AV. DEPORTIVO No. 500, COL. SANTA MARIA TEQUEPEXPAN, C.P. 45600, TLAQUEPAQUE, JALISCO','5521451331','hjimenez@seproban.com.mx/vcosio@seproban.com.mx/amartinez@seproban.com.mx','HERON JIMENEZ',30,'2021-08-30 12:33:50','2021-08-30 12:33:50'),(63,1,'SERVIACERO ESPECIALES SA DE CV','AV. 8 DE JULIO No. 1837, COL. MORELOS, C.P. 44910, GUADALAJARA, JALISCO','3338114248','maria.espinosa@serviacero.com','MARIA ESPINOSA',7,'2021-08-30 12:33:50','2021-08-30 12:33:50'),(64,1,'SERVICIOS DE ACERO DE OCCIDENTE SA DE CV','CALLE 6 No. 2495, COL. COLON INDUSTRIAL, C.P. 44940, GUADALAJARA, JALISCO','3331452222','elva@saosa.com.mx/jvargas@saosa.com.mx/enriquem@saosa.com.mx   ','JONATHAN RICARDO VARGAS MORENO',15,'2021-08-30 12:33:50','2021-08-30 12:33:50'),(65,1,'SOLANA MOTORS SADE CV','AV. LOPEZ MATEOS No. 5986, COL. UNIDAD DIAZ ORDAZ, C.P. 45080, ZAPOPAN, JALISCO','3312947491','osvaldo.galvan@carsol.mx/roveedores.lasfuentez@carsol.mx/glendi.esparza@carsol.mx/edith.viruete@carsol.mx/maría.betsaida@carsol.com ','OSVANDO GALVAN',10,'2021-08-30 12:33:50','2021-08-30 12:33:50'),(66,1,'STORAGE LOGISTICS PROCESS MEX SA DE CV','CALZ. GONZALEZ GALLO No. 2960, COL. MIRADOR EL ALAMO INDUSTRIAL, C.P. 44895. GUADALAJARA, JALISCO','8116317034/8180864642/3334765794/3347373460 Ext. 813','cg.guadalajara@cgsolutions.mx/keidy.rivera@cgsolutions.mx','ROSALBA HERNANDEZ',20,'2021-08-30 12:33:50','2021-08-30 12:33:50'),(67,1,'TALENTED PARTNERS SA DE CV','CALZADA DEL EJERCITO No. 1620, COL. LA AURORA, C.P. 44790, GUADALAJARA, JALISCO','3331375071','ernesto.rosas@talentedpartners.com/mariajose.viera@talentedpartners.com    ','MARIA JOSE VIERA/ERNESTO ROSAS',7,'2021-08-30 12:33:50','2021-08-30 12:33:50'),(68,1,'TRACUSA LA RUTA DEL SOL SA DE CV','MISMALOYA C S/N, COL. EL VADO, C.P. 45429, PASEOS DE TONALA, JALISCO.','4772408709/5542602389','oscarsanchez@tracusa.com.mx/cuentasxpagar@tracusa.com.mx /abastecimientodjo@tracusa.com.mx/miguelmateos@tracusa.com.mx/alejandrogonzalez@tracusa.com.mx','MIGUEL MATEOS ORTEGA/ALEJANDRO GONZALEZ ',15,'2021-08-30 12:33:50','2021-08-30 12:33:50'),(69,1,'TRIBUNAL DE JUSTICIA ADMINISTRATIVA DEL ESTADO DE JALISCO','CALLE JESUS GARCIA No. 2427 PISO 1, COL. LOMAS DE GUEVARA, C.P. 44657, GUADALAJARA, JALSICO','36481670 EXT. 803, 800','carmina.morales@tjajal.org','CARMINA MORALES',30,'2021-08-30 12:33:50','2021-08-30 12:33:50'),(70,1,'TRIBUNAL UNITARIO AGRARIO DISTRITO 13','LERDO DE TEJADA No. 2537, COL. ARCOS VALLARTA, C.P. 44130, GUADALAJARA, JALISCO','3336164201 EXT. 4300','tua13@tribunalesagrarios.gob.mx','MARIA GUADALUPE BARAJAS CHINAS',45,'2021-08-30 12:33:50','2021-08-30 12:33:50'),(71,1,'UR HIDROAGRICOLA S DE RL DE CV','CARR. GDL-MORELIA KM. 127.7 18055, COL. SANTA CRUZ DE LAS FLORES, C.P. 45640, TLAJOMULCO DE ZUÑIGA, JALISCO','3337965362','almacengdl@ur-hidroagricola.com.mx/fjimenez@ur-hidroagricola.com.mx/iceballos@ur-hidroagricola.com.mx','JUAN ANTONIO ALCARAZ SANCHEZ',30,'2021-08-30 12:33:50','2021-08-30 12:33:50'),(72,1,'VIRBAC MEXICO SA DE CV','AV. INGLATERRA No. 5070, COL. GUADALAJARA TECHNOLOGY PARK, C.P. 45010, ZAPOPAN, JALISCO','3310451472/ 3314797268/ 3325005000 EXT. 567','rosa.diaz@virbac.com.mx/jorge.a.hernandez@virbac.com.mx/angel.tinoco@virbac.com.mx','ROSA DIAZ/ANGEL DE JESUS TINOCO',40,'2021-08-30 12:33:50','2021-08-30 12:33:50'),(73,1,'WOLFSBURG DE OCCIDENTE SA DE CV','AV. LOPEZ MATEOS No. 5706, COL. LAS FUENTES, C.P. 45070, ZAPOPAN, JALISCO','3335083708/3338844444','jkverduzco@naosavw.com/chinojosa@naosavw.com/agorendain@naosavw.com','JULIA KARINA VERDUZCO CASTILLO',30,'2021-08-30 12:33:50','2021-08-30 12:33:50'),(74,1,'ADMINISTRADORA DE RENTAS GDL SA DE CV',NULL,NULL,NULL,NULL,0,'2021-08-30 12:33:50','2021-08-30 12:33:50'),(75,1,'CAPITAL FAM SA DE CV',NULL,NULL,NULL,NULL,0,'2021-08-30 12:33:50','2021-08-30 12:33:50'),(76,1,'EMPAQUES LAMINADOS DE OCCIDENTE INTEGRALES SA DE C',NULL,NULL,NULL,NULL,0,'2021-08-30 12:33:50','2021-08-30 12:33:50'),(77,1,'EL PABELLON',NULL,NULL,NULL,NULL,0,'2021-08-30 12:33:50','2021-08-30 12:33:50'),(78,1,'ENEREIDA HERNANDEZ RAMIREZ',NULL,NULL,NULL,NULL,0,'2021-08-30 12:33:50','2021-08-30 12:33:50'),(79,1,'KIPER SA DE CV',NULL,NULL,NULL,NULL,0,'2021-08-30 12:33:50','2021-08-30 12:33:50'),(80,1,'KARINA HERNANDEZ RODRIGUEZ',NULL,NULL,NULL,NULL,0,'2021-08-30 12:33:50','2021-08-30 12:33:50'),(81,1,'EDUARDO HERNANDEZ PEREZ',NULL,NULL,NULL,NULL,0,'2021-08-30 12:33:50','2021-08-30 12:33:50'),(82,1,'JULIA LILIANA FRANCO ABARCA',NULL,NULL,NULL,NULL,0,'2021-08-30 12:33:50','2021-08-30 12:33:50'),(83,1,'TRACTEBEL DGJ SA DE CV',NULL,NULL,NULL,NULL,0,'2021-08-30 12:33:50','2021-08-30 12:33:50'),(84,1,'SERVICIO DE INGENIERIA DITH SA DE CV',NULL,NULL,NULL,NULL,0,'2021-08-30 12:33:50','2021-08-30 12:33:50'),(85,1,'INGENIERIA CIVIL Y CONSTRUCCIONES QUATTRO SA DE CV',NULL,NULL,NULL,NULL,0,'2021-08-30 12:33:50','2021-08-30 12:33:50'),(86,1,'CYNTHIA VERONICA VALENCIA TORRES','Monte Falco 1508, Mirador del Sol, Zapopan, Jal. ','3337910794','dimmafacturacion@hotmail.com','CYNTHIA VERONICA VALENCIA TORRES',20,'2021-08-30 12:33:50','2021-08-30 12:33:50'),(87,3,'ADVANCE REAL ESTATE 2, S DE RL DE CV','Carretera a Chalapa km 18, Tlajomulco de Zuñiga, Jal ','4421863001/ 4424277200 Ext. 7213/7245','luis.arriaga@advance-realestate.com/indira.solorio@advance-realestate.com','LUIS ANTONIO ARRIAGA/INDIRA SOLORIO GARCIA',30,'2021-08-30 12:33:51','2021-08-30 12:33:51'),(88,3,'AGRONOVA SA DE CV','Mandarina 1631, Jardines de la Victoria, Zapopan, Jal. ','3338105506  Ext. 106','administracion@agronova.com.mx','JOSE MELCHOR RECAMIER VIVANCO',20,'2021-08-30 12:33:51','2021-08-30 12:33:51'),(89,3,'ANOVALUM COMERCIALIZADORA SA DE CV','Prol. Mariano Otero 1321A, Mariano Otero, Zapopan,Jal. ','3313339520','mgomez@extmet.com','MIRIAM GOMEZ',10,'2021-08-30 12:33:51','2021-08-30 12:33:51'),(90,3,'BASSO URZUA PASCUALE','Av. Patria 1398,  Villa Universitaria, Zapopan, Jal.','3311140810/3336769218','arqbasso@hotmail.com','ALVARO BARBOZA URZUA',10,'2021-08-30 12:33:51','2021-08-30 12:33:51'),(91,3,'BERTHA ALICIA ROMERO CORRALES','Jose Luis Verdia 689, Las Conchas, Gdl. Jal. ','3336196225','cobranza.guadalajara@siemsupply.com.mx/mpt-compras@hotmail.com ','MARICELA MARTINEZ ULLOA',7,'2021-08-30 12:33:51','2021-08-30 12:33:51'),(92,3,'CENTRO EMPRESARIAL GUADALAJARA SA DE CV','Av. Vallarta 2425, Arcos Vallarta, Gdl. Jal. ','336301113','administracion@centro-magno.com','GLAFIRA RODRIGUEZ',15,'2021-08-30 12:33:51','2021-08-30 12:33:51'),(93,3,'COMERCIALIZADORA DIFEPAS INTERNATIONAL SA DE CV ','Carretera Chapala 5558, El Tapatio, Tlaquepaque, Jal. ','3331299149','administracion@daamsg.com/admon@difepas.com','ANA LAURA GARCIA MENDEZ',10,'2021-08-30 12:33:51','2021-08-30 12:33:51'),(94,3,'CREMERIA AMERICANA SA DE CV','Lazaro Cardenas 493, Ferrocarril, Gdl. Jal. ','3336568218/3336563374','beatriz.muñoz@cremeria-americana.com.mx','BEATRIZ MUÑOZ',10,'2021-08-30 12:33:51','2021-08-30 12:33:51'),(95,3,'CYNTHIA VERONICA VALENCIA TORRES','Monte Falco 1508, Mirador del Sol, Zapopan, Jal. ','3337910794','dimmafacturacion@hotmail.com','CYNTHIA VERONICA VALENCIA TORRES',20,'2021-08-30 12:33:51','2021-08-30 12:33:51'),(96,3,'DEMONSA SA DE CV','George F Handel 261, Lomas del Seminario, Zapopan, Jal. ','3337775480','i.barrios@telesites.com.mx','ILSE ALEJANDRA BARRIOS SANCHEZ',7,'2021-08-30 12:33:51','2021-08-30 12:33:51'),(97,3,'DESARROLLADORA Y ADMINISTRADORA DE COMUNIDADES SUSTENTABLES SC','George Handel 192,  Prados Guadalupe, Gdl. Jal.','3321847527','d.desentis@desarrolladoracomuna.com','DANIELA DESENTIS',7,'2021-08-30 12:33:51','2021-08-30 12:33:51'),(98,3,'DISTRIBUIDORA ELECTRICA DE DEPESA SA','Av. 8 de Julio 2338A, Zona Industrial, Gdl. Jal. ','3338495241','sergio.infante@electricadepesa.com/depesa@electricadepesa.com/mario.perez@electricaldepesa.com ','SERGIO INFANTE/MARIO PEREZ',20,'2021-08-30 12:33:51','2021-08-30 12:33:51'),(99,3,'EDUARDO HERNANDEZ PEREZ',NULL,NULL,NULL,NULL,0,'2021-08-30 12:33:51','2021-08-30 12:33:51'),(100,3,'ECKARD PEREZ CARPENTER','Luis Enrique Wiliams 839, Fracc. Industrial Belenes, Zapopan, Jal. ','3331659806/3323034038','administracion@kaard.com.mx','GABRIELA RUBIO DIAZ',10,'2021-08-30 12:33:51','2021-08-30 12:33:51'),(101,3,'ELECTRICA INDUSTRIAL ALEN SA DE CV','Calzada de las Palmas 29B,  Cd, Granja, Zapopan, Jal. ','3336275332','recepcion@alenintelligent.com','KARINA ROJO',20,'2021-08-30 12:33:51','2021-08-30 12:33:51'),(102,3,'ELECTRO ILUMINACION Y PROYECTOS DE OCCIDENTE SA DE CV','Francia 1751B, Moderna, Gdl, Jal. ','3338123825 EXT. 33054','facturacion@eypo.com.mx/administracion04@aypo.com .mx  ','MA. MAGDALENA BENITEZ AVALOS',20,'2021-08-30 12:33:51','2021-08-30 12:33:51'),(103,3,'EMSA ENVASES SA DE CV','Juan Gil Preciado 9200, Parques de Tesistan, Zapopan, Jal.','3333689957','martin.navarro@gpoenvases.com.mx','MARTIN NAVARRO',15,'2021-08-30 12:33:51','2021-08-30 12:33:51'),(104,3,'ESFA CONSTRUCCION SA DE CV','Angulo 2423, Ladron de Guevara, Gdl. Jal. ','3336364178','jazmin.gomez@esfa.com.mx/facturas@esfa.com.mx','JAZMIN FLORES',20,'2021-08-30 12:33:51','2021-08-30 12:33:51'),(105,3,'ESTACION DE SERVICIO COLON SA DE CV','Av. Americas 1230, Americana, Gdl. Jal. ','3328348544','serviciocolon6931@gmail.com','MELISSA LLAMAS',20,'2021-08-30 12:33:51','2021-08-30 12:33:51'),(106,3,'FLETES MEXICO CARGA EXPRESS S DE RL DE CV','Cutberto Ibarra 53,Santa Cruz de las Huertas, Tlaquepaque Jal.','3316057707','jose.nava@fletes-mexico.com.mx','JOSE NAVA CAMACHO',15,'2021-08-30 12:33:51','2021-08-30 12:33:51'),(107,3,'GIL Y GIL AGENTES ADUANALES SC','Lopez Mateos 235, Arcos Sur, Gdl. Jal. ','3336159363/3319758594','dcontreras@gilygil.com','DIANA CONTRERAS RUIZ',20,'2021-08-30 12:33:51','2021-08-30 12:33:51'),(108,3,'GUMA DE OCCIDENTE SA DE CV',NULL,NULL,NULL,NULL,0,'2021-08-30 12:33:51','2021-08-30 12:33:51'),(109,3,'HERBOLARIS INTERNACIONAL SA DE CV','Los Robles 122, Los Robles, Zapopan, Jal. ','33 21531997  Ext. 4450','facturacion@herbolaris.com.mx','LILIANA GONZALEZ RIVERA',30,'2021-08-30 12:33:51','2021-08-30 12:33:51'),(110,3,'HERBONATURES PET SA DE CV','Prol. El Colli 1288, Paraisos del Colli, Zapopan, Jal. ','3336326446','natures_petgdl@hotmail.com','ANEL VARELA',20,'2021-08-30 12:33:51','2021-08-30 12:33:51'),(111,3,'IDETRA',NULL,NULL,NULL,NULL,0,'2021-08-30 12:33:51','2021-08-30 12:33:51'),(112,3,'IMAGEN DIGITAL ALPHA BETA  SA DE CV','Niños Heroes 2456, Arcos Sur, Gdl. Jal. ','3336474530/3317917910','compras@alphabeta.com.mx/adriana.garcia@alphabeta.com.mx ','KATHY ELIZABETH HERNANDEZ',20,'2021-08-30 12:33:51','2021-08-30 12:33:51'),(113,3,'IMPRENTA COMERCIAL EL DEBATE SA DE CV ','Melchor Ocampo 55A, San Juan de Ocotan, Zapopan, Jal. ','3316571114','rocio.loza@icdebate.com.mx/gdl.recursos.humanos@icdebate.com.mx','MARIA DEL ROCIO LOZA VILLAGRANA',30,'2021-08-30 12:33:51','2021-08-30 12:33:51'),(114,3,'IMPULSORA COMERCIAL VATRI SA DE CV','calle 8 2746, Zona Industrial, Gdl. Jal. ','33338118242','sandra.vazquez@vatrisa.com','SANDRA FABIOLA VAZQUEZ TRIGUEROS',35,'2021-08-30 12:33:51','2021-08-30 12:33:51'),(115,3,'INMOBILIARIA Y ARRENDADORA PLAZA TOLSA SA DE CV','Av. Niños Heroes 1555, Moderna, Gdl. Jal. ','3333683486','jsptolsa@gmail.com','JAVIER SANCHEZ PEREZ',10,'2021-08-30 12:33:51','2021-08-30 12:33:51'),(116,3,'INSTITUTO CULTURAL CABAÑAS','Cabañas 8, Las Fresas, Gdl. Jal. ','3337774000','compras.mueseocabanas@gmail.com','CLAUDIA CHAVEZ',20,'2021-08-30 12:33:51','2021-08-30 12:33:51'),(117,3,'INSTITUTO DE PLANEACION Y GESTION DEL DESARROLLO DEL AREA ME','Abedules 565, Los Pinos, Zapopan, Jal. ','3330400746','info@imeplan.mx','GABRIELA HERNANDEZ',10,'2021-08-30 12:33:51','2021-08-30 12:33:51'),(118,3,'INTECPROOF SA DE CV','Santa Margarita 3044, Vallara Norte, Gdl. Jal. ','3319723061','rh.capitalhumano11@gmail.com/asist.inteltrafico@gmail.com','CARMEN IVETH LUGO TORRES',5,'2021-08-30 12:33:51','2021-08-30 12:33:51'),(119,3,'JESUS JULIO GUIZAR FRANCO','Av. Hipodromo 29, San Pedrito, Tlaquepaque Jal. ','3336357429/3331418801','compras@diagnosticostlaquepaque.mx/facturasdxtlaquepaque@gmail.com    ','VERONICA ACEVES/GABRIELA VALDIVIA',30,'2021-08-30 12:33:51','2021-08-30 12:33:51'),(120,3,'JULIAN COLIN SAUZA','Tonala 400, Centro, Tlaquepaque, Jal. ','3338382112','rhumanos@parabrisascolins.com','NANCY PAULINA QUINTERO REYES',10,'2021-08-30 12:33:51','2021-08-30 12:33:51'),(121,3,'KIDZANIA DE MEXICO SA DE CV','Av. Americas 1950,Fracc. Centro Comercial Plaza Patria, Zapopan, Jal. ','5580141402','luis.castellon@kidzania.com','LUIS CASTELLON',45,'2021-08-30 12:33:51','2021-08-30 12:33:51'),(122,3,'KUBOTA MEXICO SA DE CV','Carretera San Martin de las Flores 520, San Martin de las Flores, Tlaquepaque, Jal. ','3331453340/3331453335','fany.rodriguez@kubota.com/miguel.marin@kubota.com','FANY RODRIGUEZ ROMO/MIGUEL MARIN',30,'2021-08-30 12:33:51','2021-08-30 12:33:51'),(123,3,'LIBROS EN DEMANDA S DE RL DE CV','Periferico Nte 940, Lomas de Zapopan, Zapopan, Jal.','3331343460','proveedores@tegrafik.com/msahagun@tegrafik.com','MIGUEL SAHAGUN',7,'2021-08-30 12:33:51','2021-08-30 12:33:51'),(124,3,'MACTAC MEXICO SA DE CV','Calle 13  2070,  Alamo industrial,  El Salto Jal. ','4448045014/4442161708','aestrella@mactac.com/djuarez@mactac.com/jjpacheco@mactac.com','JONATHAN PACHECO',30,'2021-08-30 12:33:51','2021-08-30 12:33:51'),(125,3,'MASTER PANEL TECH SA DE CV','Luis Perez Verdia 681, San Carlos, Gdl. Jal.','3336196225','mpt-compras@hotmail.com ','MARICELA MARTINEZ ULLOA',10,'2021-08-30 12:33:51','2021-08-30 12:33:51'),(126,3,'MUNDO NUEVO DV SA DE CV','Parres Arias 510, Belenes UDG, Zapopan, Jal. ','7225475349','juan.pacheco@mundonuevo.mx','JUAN CARLOS PACHECO DE LOS SANTOS',20,'2021-08-30 12:33:51','2021-08-30 12:33:51'),(127,3,'OIS INTERNATIONAL SERVICES SA DE CV','Topacio 2898, Bosque de la Victoria, Gdl. Jal. ','3336230323','avillegas@ois.com.mx/cfdois@ois.com.mx','ANGEL VILLEGAS OLMEDO',10,'2021-08-30 12:33:51','2021-08-30 12:33:51'),(128,3,'PRECISION METAL STAMPING SA DE CV',NULL,NULL,NULL,NULL,0,'2021-08-30 12:33:51','2021-08-30 12:33:51'),(129,3,'PAPPASOLE SA DE CV','Prol. Amricas 1213, Altamira, Zapopan Jal. ','3336568403','info@damassimo.com.mx','LAURA ALEJANDRA DE LA ROSA FLROES',30,'2021-08-30 12:33:51','2021-08-30 12:33:51'),(130,3,'PRODUCTOS FARMACEUTICOS COLLINS SA DE CV','Melchor Ocampo 1590, El Vigia, Zapopan, Jal. ','5527091091','ivan.tejeda@collins.com.mx/ramiro.alvarez@collins.com.mx','IVAN TEJEDA GARCIA',30,'2021-08-30 12:33:51','2021-08-30 12:33:51'),(131,3,'PROFINA SA DE CV','Carretera GDL - El Salto Via el Verde 8320, San Jose del Castillo, El Salto Jal. ','3336881058 EXT. 104','recepcionfac.jal@profina.com.mx/rh.jal@profina.com.mx','CITLALLI GARCIA',15,'2021-08-30 12:33:51','2021-08-30 12:33:51'),(132,3,'PROMOTORA DE PLAZAS COMERCIALES S DE RL DE CV','Hidalgo 469,  Centro, Gdl. Jal.','3320800918','cayala@tecnocentro.mx/lsanchez@tecnocentro.mx','LUIS SANCHEZ',25,'2021-08-30 12:33:51','2021-08-30 12:33:51'),(133,3,'PROMOTORA INDUSTRIAL GIM SA DE CV','Av. Patria 29,  El Manantial, Gdl. Jal. ','3333444636','gabriela.sanchez@prominox.mx/yesenia.hernandez@prominox.mx/samara.madrigal@prominox.mx','ALMA GABRIELA SANCHEZ DE LA VEGA',7,'2021-08-30 12:33:51','2021-08-30 12:33:51'),(134,3,'RADEC SA DE CV','Juan Pablo II 90, Unidad Abastos, Zapopan, Jal. ','3322005909','alejandro_noriega@radec.com.mx','ALEJANDRO GONZALEZ',30,'2021-08-30 12:33:51','2021-08-30 12:33:51'),(135,3,'SANT THOMAS P EN C ','Tomas Mann 5293, Jardines Vallarta, Zapopan, Jal. ','3336623404','jislass@hotmail.com/condominiosantthomas@outlook.com','EDUARDO FERNANDO NAVARRO',5,'2021-08-30 12:33:51','2021-08-30 12:33:51'),(136,3,'SERVICIOS Y ACONDICIONAMIENTOS QUIMICOS INDUSTRIALES SA DE C','Cerrada de Agua Bendita 1213, Agua Blanca, Zapopan, Jal. ','3323420797','erika@firessa.com/recursoshumanos@saquimi.com.mx','ERIKA MORENO SALCEDO',7,'2021-08-30 12:33:51','2021-08-30 12:33:51'),(137,3,'SERVICIO GEOLOGICO MEXICANO',NULL,NULL,NULL,'LETICIA SOUZA',30,'2021-08-30 12:33:51','2021-08-30 12:33:51'),(138,3,'SERVICIOS ZO S DE RL DE CV','Calle Rubi 2886, Residencial Victoria, Zapopan, Jal. ','3336154545 Ext. 110','pago.gdl@miagente.mx/admon.gdl@miagente.mx','ISABEL ENRIQUEZ',15,'2021-08-30 12:33:51','2021-08-30 12:33:51'),(139,3,'SOLTERO, AGENTE DE SEGUROS Y DE FIANZAS SA DE CV','Circuito Madrigal 4277, Villa Universitaria, Zapopan, Jal. ','3338256081 Ext. 1','administracion@solteroserguros.com.mx/atencionalcliente@solteroseguros.com.mx','EDNA ARELLANO',7,'2021-08-30 12:33:51','2021-08-30 12:33:51'),(140,3,'SOPORTE EN PARALELO AGENTE DE SEGUROS Y DE FIANZAS  SA DE CV','Placeres 823, Jardines del Bosque, Gdl. Jal. ','3338823870 EXT. 142','elizabeth.garcia@ambarseguros.mx','ELIZABETH GARCIA',7,'2021-08-30 12:33:51','2021-08-30 12:33:51'),(141,3,'TRIBUNAL DE JUSTICIA ADMINISTRATIVA DEL ESTADO DE JALISCO',NULL,NULL,NULL,NULL,0,'2021-08-30 12:33:51','2021-08-30 12:33:51'),(142,3,'SUDOCC SC','Estudiantes 4579, Jardines de Guadalupe, Zapopan, Jal. ','3316048412','cmmedina@sudocc.com','CARLOS MARIN MEDINA',5,'2021-08-30 12:33:51','2021-08-30 12:33:51'),(143,3,'TELEFONIA POR CABLE SA DE CV','Blvd. Vasco de Quiroga 3726, Fray Daniel Mireles, Leon, Gto.','3328985231/44771522640','marcos.martinez@megacable.com.mx/mreyesv@megacable.com.mx      ','MARCOS MARTINEZ LARIOS/MARTHA LAURA REYES VILELGAS',30,'2021-08-30 12:33:51','2021-08-30 12:33:51'),(144,3,'TENSA CONSTRUCCIONES  SAPI DE CV','Av. Juan Palomar y Arias 158, Jardines Vallarta, Zapopan, Jal. ','3331511910','claudia.rodriguez@tensa.mx/arma.fe@tensa.mx/rodrigo.vazquez@tensa.mx/diana.ramos@tensa.mx/lidia.ibarra@tensa.mx/diana.nunez@tensa.mx','CLAUDIA RODRIGUEZ',10,'2021-08-30 12:33:51','2021-08-30 12:33:51'),(145,3,'TORRE A SOHO P EN C','Chapultepec 480,  Americana, Gdl. Jal.','3320050132/3319861749/3312325627','admontorresoho@outlook.com/jislass@hotmail.com','JOSE ISLAS',5,'2021-08-30 12:33:51','2021-08-30 12:33:51'),(146,3,'UNIVERSIDAD DE GUADALAJARA','Ignacio Jacobo 29, Parque Industrial Belenes, Zapopan, Jal. ','3314101871','juanmanuels31@hotmail.com','JUAN  MANUEL HERNANDEZ',30,'2021-08-30 12:33:51','2021-08-30 12:33:51'),(147,3,'VICTOR ALONSO HERNANDEZ GONZALEZ','Alejandro 3232, Vallarta San Jorge, Gdl. Jal. ','3322573782','ventas@ximajo.com/vicente.infejal@gmail.com','VICENTE ANTONIO GOMEZ RUIZ',7,'2021-08-30 12:33:51','2021-08-30 12:33:51'),(148,3,'ALFONSO FRANCIA GALLARDO',NULL,NULL,NULL,NULL,0,'2021-08-30 12:33:51','2021-08-30 12:33:51'),(149,3,'GRUPO RENALIFE SAPI SA DE CV',NULL,NULL,NULL,NULL,0,'2021-08-30 12:33:51','2021-08-30 12:33:51'),(150,3,'HEALTH SOLUTIONS ST JOSEPTH SA DE CV',NULL,NULL,NULL,NULL,0,'2021-08-30 12:33:51','2021-08-30 12:33:51'),(151,3,'INFARID SA DE CV',NULL,NULL,NULL,NULL,0,'2021-08-30 12:33:51','2021-08-30 12:33:51'),(152,2,'ADMINISTRADORES DE PERSONAL EN ENTRETENIMIENTO SA DE CV','Blvd Juventino Rosas 514, Plaza Galerias, Leon, Gto.','5559500030/5540886534','jacruzm@pringsa.com','J. ALEJANDRO CRUZ MINA',45,'2021-08-30 12:33:51','2021-08-30 12:33:51'),(153,2,'AUTOS SUECOS DEL BAJIO SA DE CV','Lago Alberto 102, Lomas de la Trinidad, Zapopan, Jal.  ','4775789773','gerenciapostventa@sueciacarleon.com','ROGELIO HERNANDEZ',30,'2021-08-30 12:33:51','2021-08-30 12:33:51'),(154,2,'COMERCIALIZADORA DE EQUIPOS DE IMPRESIÓN LASER Y DE SELLOS S A DE CV',NULL,NULL,NULL,NULL,0,'2021-08-30 12:33:51','2021-08-30 12:33:51'),(155,2,'GRUPO SOLENA SAPI, SA DE CV',NULL,NULL,NULL,NULL,0,'2021-08-30 12:33:51','2021-08-30 12:33:51'),(156,2,'LEGIONARIOS DE CRISTO',NULL,NULL,NULL,NULL,0,'2021-08-30 12:33:51','2021-08-30 12:33:51'),(157,2,'CHANTILLY SA DE CV','Rio Panuco 514, San Miguel, Leon, Gto.','5536880500 Ext. 1291/5535010956','lidia.mercado@grupochantilly.com.mx/ aguzman@grupochantilly.com.mx','LIDIA MERCADO/JOSE DE LA LUZ/ALFREDO GUZMAN ',30,'2021-08-30 12:33:51','2021-08-30 12:33:51'),(158,2,'INMOYUCA PENINSULAR SA DE CV','Paseo del Moral 513, Jardines del Moral, Leon, Gto. ','4776940020','asuntos.administrativos@rosavento.mx/finanzas@rosavento.mx ','MARISA GONZALEZ/JUAN LAGO HAGAR',10,'2021-08-30 12:33:51','2021-08-30 12:33:51'),(159,2,'INTEGRADORA CENTRAL DE COOPERATIVAS DE AHORRO Y PRESTAMO SC','Blvd Mariano Escobedo 600, San Isidro, Leon, Gto.','477 7118005','viridiana.carrillo@integradoracentral.coop/facturas@integradoracentral.coop','VIRIDIANA CARRILLO',20,'2021-08-30 12:33:51','2021-08-30 12:33:51'),(160,2,'PROMOCIONES E INVERSIONES DE GUERRERO SAPI DE CV','Blvd. Juventino Rosas 514, San Francisco del Rincon, Leon Gto. ','5559500030/5540886534','jacruzm@pringsa.com','J. ALEJANDRO CRUZ MINA',45,'2021-08-30 12:33:51','2021-08-30 12:33:51'),(161,4,'AQUACHEM DE MEXICO SA DE CV','Independencia 100, Rancho Rivera de Guadalupe, Irapuato, Gto. ','4621480738','aquachemdemexico@gmail.com','FRANCISCO LARA',15,'2021-08-30 12:33:51','2021-08-30 12:33:51'),(162,4,'CREMERIA AMERICANA SA DE CV','Blvd. J. Maria Morelos 2019, Mision de San Jose, Leon, Gto. ','4771950052','hilda.guillen@cremeria-americana.com.mx','HILDA GUILLEN',30,'2021-08-30 12:33:51','2021-08-30 12:33:51'),(163,4,'ENERGETICOS NACIONALES SA DE CV','Av. Del Petroleo 104, Parque Industrial Siglo XXI, Salamanca Gto. ','8117752826','cuentasporpagar@enasa.com.mx/daniel.tovar@enasa.com.mx','DANIEL TOVAR',15,'2021-08-30 12:33:51','2021-08-30 12:33:51'),(164,4,'GANIMEDE SA DE CV','Sancho Panza 302, Fracc. Jardin, Gto, Gto. ','3337500020  Opc. 1  Ext. 61198','evelia.ibarra@megacable.com.mx','EVELIA IBARRA',30,'2021-08-30 12:33:51','2021-08-30 12:33:51'),(165,4,'GRUPO DE INGENIERIA CAPRICORNIO SA DE CV','Carretera Lateral Guanajuato Silao 2000, Aguas Buenas, Silao, Gto.','4727229785,86,87 Ext. 102','compras3@ingenieriacapricornio.com/compras@gicsa@ingenieriascapricornio.com/cuentasap@ingenieriacapricornio.com','DIANA LAURA PEREZ CUELLAR',15,'2021-08-30 12:33:51','2021-08-30 12:33:51'),(166,4,'INTERNATIONAL PET ACCESSORIES SA DE CV','Blvd. Gasoducto 104, Ciudad Industrial, Leon, Gto.','477763 7136/477638 5944','ventasinterpet@hotmail.com','JOSE MARIA GONZALEZ BAEZA',30,'2021-08-30 12:33:51','2021-08-30 12:33:51'),(167,4,'PROYSECC INGENIERIA SA DE CV','Prol. Josefa Ortiz de Dominguez 4, La sopeña, Silao,Gto.','4434107230/4731226997','proysecc.admon@gmail.com','TERE PEDRAZA/ADRIANA PARRA',25,'2021-08-30 12:33:51','2021-08-30 12:33:51'),(168,4,'RICARDO RODRIGUEZ RAMIREZ','Cerrada de la Curva 104, La Joya, Leon, Gto. ','477 3275829','remexlaura@hotmail.com','RICARDO RODRIGUEZ RAMIREZ/LAURA RODRIGUEZ',30,'2021-08-30 12:33:51','2021-08-30 12:33:51'),(169,4,'TELEFONIA POR CABLE SA DE CV','Carr. Libre a Gto - Silao 13, Marfil, Marfil Gto. ','3328985231/44771522640','cmfonsecan@megacable.com.mx/marcos.martinez@megacable.com.mx/mreyesv@megacable.com.mx      ','MARCOS MARTINEZ LARIOS/MARTHA LAURA REYES VILELGAS/MELISSA COBIAN',30,'2021-08-30 12:33:51','2021-08-30 12:33:51'),(170,1,'QPN MONTERREY SA DE CV','AV. CRISTOBAL COLON No. 3064, COL. JARDINES DE SAN JOSE, C.P. 44950, GUADALAJARA, JALISCO','8115995060','daniela.soto@qualitypost.com.mx','DANIELA SOTO',7,'2021-08-30 14:40:06','2021-09-07 17:58:15'),(171,1,'ZAPOPAN ESCOLAR SA DE CV','CALLE PINO SUAREZ No. 30, COL. CENTRO, C.P. 45100, ZAPOPAN, JALISCO','3338332684','credito@zapopanescolar.com.mx','MARICELA GONZALEZ',15,'2021-08-30 14:49:06','2021-09-07 18:14:00'),(172,1,'SELINA HOSPITALITY GUADALAJARA SA DE CV','Av. CHAPULTEPEC NTE No. 20-A, COL. LADRON DE GUEVARA, C.P. 44600, GUADALAJARA, JALISCO','3317936719','pedro.vargas@selina.com','PEDRO VARGAS ALVINO',20,'2021-08-30 15:08:00','2021-09-07 17:59:32'),(173,1,'AMERICAN INDUSTRIES DE OCCIDENTE SA DE CV','Blvd. Pta de Hierro No. 5200, Int. 7 Col. Puerta de Hierro, Zapopan, Jalisco, C.P. 45116','3318940105','jsilva@aiig.com , facturasapz@aiig.com','JOSE SILVA',30,'2021-08-30 15:17:30','2021-09-07 18:00:59'),(174,1,'ZHONGLI GROUP LATIN AMERICA CO SA DE CV','Carr. Guadalajara-Morelia No. 19200, Int. 2, Col. Tlajomulco de Zuñiga, Jal. C.P. 44640','3326326781','pedro.dabdoub@zhongli-la.com, facturacion@zhongli-la.com','EDRO MUSSA DABDOUB FERNANDEZ',30,'2021-08-30 15:18:58','2021-09-07 18:02:41'),(175,4,'INSTITUTO RENACIMIENTO DE GUANAJUATO  AC','Calle Materialistas No. 123 Col. Hacienda Echeveste C.P. 37100 Leon, Gto.','477 7751613','cpadriam@yahoo.com.mx  / cpadriam@irg.edu.mx','Ma Elena Adriana Aguirre Montaño',20,'2021-08-30 15:49:30','2021-09-07 18:20:30'),(176,4,'SISTEMAS AL APOYO LOGISTICO COMERCIAL INTERNACIONAL','Carr. Federal Irapuato- Silao 15229  Jaripitio Irapuato, Gto.  C.P. 36810','477 7711079','vjimenez@salci.com.mx','Valeria Jimenez',20,'2021-08-30 15:50:56','2021-09-07 18:21:28'),(177,3,'TECNOLOGIA Y APARATOS DE CONSUMO DE OCCIDENTE SA DE CV','ALAMBIQUE # 435 INT 5 COLONIA PARQUE INDUSTRIAL DEL ALAMO C.P.44490 GUADALAJARA, JALISCO','3336663323','tesoreria@ppshop.com.mx','JORGE GONZALEZ GARCIA',8,'2021-08-31 10:54:27','2021-08-31 10:54:27'),(179,1,'CENTRO DEPORTIVO BANCARIO DE GUADALAJARA AC','AVENIDA DEL DEPORTIVO NO. 500, COL. SANTA MARIA TEQUEPEXPAN, C.P. 45580, SAN PEDRO TLAQUEPAQUE','3336940533 Ext. 127/123','andres@cdbg.com.mx','ANDRES ALEJANDRO PEREZ FRANCO',20,'2021-09-06 09:43:07','2021-09-07 18:12:54'),(180,3,'GRUPO AXERTA SAPI DE CV','Avenida Vallarta # 3250 Colonia Vallarta San Jorge C.P. 44690 Guadalajara, Jalisco','3334965753','arturo.gonzalez@axerta.com/erika.gonzalez@axerta.com','ERIKA JACQUELINE GONZALEZ ALVAREZ',25,'2021-09-07 12:38:53','2021-09-07 12:42:48'),(181,3,'C & G OFTALMOLOGOS SC','Calle Sants Mónica # 430 Colonia El Santuario C.P. 44200 Guadalajara, Jalisco','3336611863','cordinacion.rh@oftalmologicosanangel.com','STHEPANY CAMPA',25,'2021-09-07 12:42:29','2021-09-07 12:42:29'),(182,1,'AZINSA ALUMINIO SAPI DE CV',NULL,NULL,'azinsa@gmail.com',NULL,60,'2021-09-07 17:24:33','2021-09-07 17:25:10'),(183,3,'ADV MANTENIMIENTO B S DE RL DE CV','Avenida 5 de febrero # 1351 interior 102 y 103 Colonia Industrial C.P. 76130','442186300/4424277200 EXT 7213/7245','luis.arriaga@advance-realestate.com/indira.solorio@advance-realestate.com','Indira Solorio García, Irma Araceli Suarez Lara/Luis Antonio Arriaga',30,'2021-09-10 11:02:10','2021-09-10 11:05:55');

/*Table structure for table `comentarios` */

DROP TABLE IF EXISTS `comentarios`;

CREATE TABLE `comentarios` (
  `id` int(11) NOT NULL AUTO_INCREMENT,
  `factura_id` int(11) NOT NULL,
  `tipo_contacto_id` int(11) NOT NULL,
  `contacto` varchar(255) DEFAULT NULL,
  `fecha` date NOT NULL,
  `comentario` text DEFAULT NULL,
  `created_at` datetime DEFAULT NULL,
  `updated_at` datetime DEFAULT NULL,
  PRIMARY KEY (`id`),
  KEY `factura_id` (`factura_id`),
  KEY `tipo_contacto_id` (`tipo_contacto_id`),
  CONSTRAINT `comentarios_ibfk_2` FOREIGN KEY (`factura_id`) REFERENCES `facturas` (`id`) ON DELETE CASCADE ON UPDATE CASCADE,
  CONSTRAINT `comentarios_ibfk_3` FOREIGN KEY (`tipo_contacto_id`) REFERENCES `tipo_contactos` (`id`) ON DELETE CASCADE ON UPDATE CASCADE
) ENGINE=InnoDB AUTO_INCREMENT=12 DEFAULT CHARSET=utf8mb4;

/*Data for the table `comentarios` */

insert  into `comentarios`(`id`,`factura_id`,`tipo_contacto_id`,`contacto`,`fecha`,`comentario`,`created_at`,`updated_at`) values (7,41,1,'9801010','2021-09-21','Lorem ipsum','2021-09-21 02:11:09','2021-09-21 02:11:09'),(8,41,2,'9801010','2021-09-21','Le envié mensaje y me dejó en visto','2021-09-21 02:11:29','2021-09-21 02:11:29'),(9,598,3,'anton_con@hotmail.com','2021-09-20','Le envié un correo a las 13:00 hrs','2021-09-21 02:13:33','2021-09-21 02:13:33'),(10,158,1,'9801010','2021-09-22','Comentario de prueba','2021-09-22 16:26:38','2021-09-22 16:26:38'),(11,158,3,'anton_con@hotmail.com','2021-09-22','Se le mandó un correo con la información legal sobre su factura','2021-09-22 16:27:10','2021-09-22 16:27:10');

/*Table structure for table `facturas` */

DROP TABLE IF EXISTS `facturas`;

CREATE TABLE `facturas` (
  `id` int(11) NOT NULL AUTO_INCREMENT,
  `cliente_id` int(11) NOT NULL,
  `status_id` int(11) NOT NULL DEFAULT 1,
  `numero_factura` varchar(255) NOT NULL,
  `importe` varchar(30) NOT NULL,
  `fecha_facturacion` date DEFAULT NULL,
  `fecha_promesa_pago` date DEFAULT NULL,
  `comentarios_adicionales` text DEFAULT NULL,
  `pagada` int(11) DEFAULT 0 COMMENT '0 => No, 1 => Si',
  `created_at` datetime DEFAULT NULL,
  `updated_at` datetime DEFAULT NULL,
  PRIMARY KEY (`id`),
  KEY `cliente_id` (`cliente_id`),
  KEY `status_id` (`status_id`),
  CONSTRAINT `facturas_ibfk_1` FOREIGN KEY (`cliente_id`) REFERENCES `clientes` (`id`) ON DELETE CASCADE ON UPDATE CASCADE,
  CONSTRAINT `facturas_ibfk_2` FOREIGN KEY (`status_id`) REFERENCES `status` (`id`) ON DELETE CASCADE ON UPDATE CASCADE
) ENGINE=InnoDB AUTO_INCREMENT=599 DEFAULT CHARSET=utf8mb4;

/*Data for the table `facturas` */

insert  into `facturas`(`id`,`cliente_id`,`status_id`,`numero_factura`,`importe`,`fecha_facturacion`,`fecha_promesa_pago`,`comentarios_adicionales`,`pagada`,`created_at`,`updated_at`) values (1,74,1,'467','17937.08','2019-12-31','2019-12-31','2019-12-01',1,'2021-08-30 13:16:02','2021-09-07 18:22:21'),(2,2,1,'3103','105328','2021-07-02','2021-08-11','2021-07-01',1,'2021-08-30 13:16:02','2021-09-07 18:22:47'),(3,5,1,'2139','2760','2020-12-03','2020-12-23','2020-12-01',1,'2021-08-30 13:16:02','2021-09-07 18:23:12'),(4,5,1,'2302','12760','2021-01-08','2021-01-28','2021-01-01',1,'2021-08-30 13:16:02','2021-09-07 18:23:38'),(5,5,4,'2303','850.67','2021-01-08','2021-01-28','FESTIVOS 25 DIC Y 01-ENE/21',0,'2021-08-30 13:16:02','2021-09-21 08:11:47'),(6,5,4,'2438','12760','2021-02-03','2021-02-23','2021-02-01',0,'2021-08-30 13:16:02','2021-09-21 08:11:47'),(7,5,4,'2545','425.34','2021-02-17','2021-03-09','FESTIVO 01 FEB/21',0,'2021-08-30 13:16:02','2021-09-21 08:11:47'),(8,5,1,'2589','12760','2021-03-02','2021-03-22','2021-03-01',1,'2021-08-30 13:16:02','2021-09-07 18:24:15'),(9,5,1,'2713','12760','2021-04-06','2021-04-26','2021-04-01',1,'2021-08-30 13:16:02','2021-09-13 15:46:50'),(10,5,4,'2715','425.34','2021-04-06','2021-04-26','FESTIVO 15 MZO/21',0,'2021-08-30 13:16:02','2021-09-21 08:11:47'),(11,5,4,'2846','12760','2021-05-04','2021-05-24','2021-05-01',0,'2021-08-30 13:16:02','2021-09-21 08:11:47'),(12,5,4,'2916','425.34','2021-05-11','2021-05-31','FESTIVO 01 MAY/21',0,'2021-08-30 13:16:02','2021-09-21 08:11:47'),(13,5,4,'2976','12760','2021-06-02','2021-06-22','2021-06-01',0,'2021-08-30 13:16:02','2021-09-21 08:11:47'),(14,5,3,'3087','12760','2021-07-01','2021-07-21','2021-07-01',0,'2021-08-30 13:16:02','2021-09-21 08:11:48'),(15,3,1,'3056','29000','2021-06-16','2021-07-16','2021-06-01',1,'2021-08-30 13:16:02','2021-09-06 11:19:09'),(16,3,1,'3156','29000','2021-07-13','2021-08-12','2021-07-01',1,'2021-08-30 13:16:02','2021-09-06 11:19:31'),(17,8,1,'2674','13920','2021-03-18','2021-04-02',NULL,1,'2021-08-30 13:16:02','2021-09-02 11:52:25'),(18,8,4,'2100','13920','2020-11-18','2020-12-03',NULL,0,'2021-08-30 13:16:02','2021-09-21 08:11:48'),(19,8,1,'2774','13920','2021-04-09','2021-04-24',NULL,1,'2021-08-30 13:16:02','2021-09-07 18:25:05'),(20,8,4,'2825','13920','2021-04-27','2021-05-12',NULL,0,'2021-08-30 13:16:02','2021-09-21 08:11:48'),(21,8,4,'2826','13920','2021-04-27','2021-05-12',NULL,0,'2021-08-30 13:16:02','2021-09-21 08:11:48'),(22,8,4,'3025','13920','2021-06-09','2021-06-24','1 al 15 jun/21',0,'2021-08-30 13:16:02','2021-09-21 08:11:48'),(23,8,4,'3049','13920','2021-06-16','2021-07-01','16 al 30 jun/21',0,'2021-08-30 13:16:02','2021-09-21 08:11:48'),(24,8,3,'3131','13920','2021-07-06','2021-07-21','1 al 15 jul/21',0,'2021-08-30 13:16:02','2021-09-21 08:11:48'),(25,8,1,'3159','13920','2021-07-16','2021-07-31','16 al 31 jul/21',1,'2021-08-30 13:16:02','2021-09-17 12:19:45'),(26,6,1,'3102','27840','2021-07-02','2021-08-01','2021-07-01',1,'2021-08-30 13:16:02','2021-09-07 17:54:00'),(27,75,1,'2605','5886','2021-03-03','2021-03-03','2021-03-01',1,'2021-08-30 13:16:02','2021-09-07 18:25:36'),(28,12,4,'2879','17400','2021-05-11','2021-05-18','2021-05-01',0,'2021-08-30 13:16:02','2021-09-21 08:11:48'),(29,12,4,'2918','580','2021-05-11','2021-05-18','Festivo 1 de mayo',0,'2021-08-30 13:16:02','2021-09-21 08:11:48'),(30,12,4,'3061','9860','2021-06-18','2021-06-25','2021-06-01',0,'2021-08-30 13:16:02','2021-09-21 08:11:48'),(31,13,1,'3119','12760','2021-07-02','2021-07-22','2021-07-01',1,'2021-08-30 13:16:02','2021-09-07 18:26:14'),(32,9,1,'3123','25300','2021-07-02','2021-07-17','16 al 31 jul/21',1,'2021-08-30 13:16:02','2021-09-07 18:26:39'),(33,15,1,'3168','7425','2021-07-27','2021-08-11','01 al 15 jul/21',1,'2021-08-30 13:16:02','2021-09-07 17:53:02'),(34,17,1,'3089','25520','2021-07-01','2021-07-11','2021-07-01',1,'2021-08-30 13:16:02','2021-09-07 18:27:03'),(35,76,4,'2035','27840','2020-11-01','2020-11-21','2020-11-01',0,'2021-08-30 13:16:02','2021-09-21 08:11:48'),(36,76,4,'2161','27840','2020-12-01','2020-12-21','2020-12-01',0,'2021-08-30 13:16:02','2021-09-21 08:11:48'),(37,76,4,'2162','464','2020-12-01','2020-12-21','festivo 16 nov-20',0,'2021-08-30 13:16:02','2021-09-21 08:11:48'),(38,76,4,'2346','9280','2021-01-01','2021-01-21',NULL,0,'2021-08-30 13:16:02','2021-09-21 08:11:48'),(39,76,4,'2323','928','2021-01-01','2021-01-21','FESTIVOS 25 DIC Y 01-ENE/21',0,'2021-08-30 13:16:02','2021-09-21 08:11:48'),(40,77,1,'2512','30160','2019-06-03','2019-06-03',NULL,1,'2021-08-30 13:16:02','2021-09-07 18:29:06'),(41,77,1,'2555','30160',NULL,NULL,NULL,0,'2021-08-30 13:16:02','2021-08-30 13:16:02'),(42,77,1,'2556','1005.35','2019-08-05','2019-08-05',NULL,1,'2021-08-30 13:16:02','2021-09-07 18:30:04'),(43,77,1,'2648','30160',NULL,NULL,NULL,0,'2021-08-30 13:16:02','2021-08-30 13:16:02'),(44,77,1,'2683','30160',NULL,NULL,NULL,0,'2021-08-30 13:16:02','2021-08-30 13:16:02'),(45,23,4,'2560','33640','2021-02-22','2021-03-24','2021-02-01',0,'2021-08-30 13:16:02','2021-09-21 08:11:48'),(46,23,4,'2668','30160','2021-03-10','2021-04-09','2021-03-01',0,'2021-08-30 13:16:02','2021-09-21 08:11:48'),(47,78,1,'1018','116000',NULL,NULL,NULL,0,'2021-08-30 13:16:02','2021-08-30 13:16:02'),(48,18,4,'2181','12760','2020-12-01','2020-12-21','2020-12-01',0,'2021-08-30 13:16:02','2021-09-21 08:11:48'),(49,18,4,'2340','12760','2021-01-03','2021-01-23','2021-01-01',0,'2021-08-30 13:16:02','2021-09-21 08:11:48'),(50,18,4,'2471','12760','2021-02-01','2021-02-20','2021-02-01',0,'2021-08-30 13:16:02','2021-09-21 08:11:48'),(51,18,4,'2619','12760','2021-03-01','2021-03-20','2021-03-01',0,'2021-08-30 13:16:02','2021-09-21 08:11:48'),(52,18,4,'2749','12760','2021-04-01','2021-04-20','2021-04-01',0,'2021-08-30 13:16:02','2021-09-21 08:11:48'),(53,21,1,'2938','26400','2021-05-18','2021-06-07',NULL,1,'2021-08-30 13:16:02','2021-09-07 18:30:56'),(54,21,4,'2939','440','2021-05-18','2021-06-07','Festivo 1 de mayo',0,'2021-08-30 13:16:02','2021-09-21 08:11:48'),(55,21,3,'3057','26400','2021-06-16','2021-07-06','2021-05-01',0,'2021-08-30 13:16:02','2021-09-21 08:11:48'),(56,21,2,'3157','26400','2021-07-13','2021-08-02','2021-06-01',0,'2021-08-30 13:16:02','2021-09-21 08:11:48'),(57,81,1,'3167','27840','2020-08-10','2020-08-10',NULL,1,'2021-08-30 13:16:02','2021-09-07 18:31:37'),(58,27,1,'2975','21205.8','2021-04-02','2021-05-17','2021-06-01',1,'2021-08-30 13:16:02','2021-09-07 18:32:06'),(59,27,1,'3086','21205.8','2021-07-01','2021-08-15','2021-07-01',1,'2021-08-30 13:16:02','2021-09-07 18:32:35'),(60,25,1,'2987','13920','2021-06-02','2021-06-24','2021-06-01',1,'2021-08-30 13:16:02','2021-09-07 18:33:02'),(61,25,1,'3098','13920','2021-07-02','2021-07-24','2021-07-01',1,'2021-08-30 13:16:02','2021-09-07 18:33:42'),(62,32,1,'2813','9564','2021-04-17','2021-05-02','16 al 30 abril/21',1,'2021-08-30 13:16:02','2021-09-07 18:34:05'),(63,32,1,'2814','14094','2021-04-17','2021-05-02','16 al 30 abril/21',1,'2021-08-30 13:16:02','2021-09-07 18:34:27'),(64,32,1,'2815','14094','2021-04-17','2021-05-02','16 al 30 abril/21',1,'2021-08-30 13:16:02','2021-09-07 18:34:47'),(65,32,1,'2816','14094','2021-04-17','2021-05-02','16 al 30 abril/21',1,'2021-08-30 13:16:02','2021-09-07 18:35:09'),(66,32,1,'2817','14094','2021-04-17','2021-05-02','16 al 30 abril/21',1,'2021-08-30 13:16:02','2021-09-07 18:35:33'),(67,32,1,'2891','14094','2021-05-11','2021-05-26','01 al 15 mayo/21',1,'2021-08-30 13:16:02','2021-09-07 18:35:58'),(68,32,1,'2892','14094','2021-05-11','2021-05-26','01 al 15 mayo/21',1,'2021-08-30 13:16:02','2021-09-07 18:36:20'),(69,32,1,'2893','14094','2021-05-11','2021-05-26','01 al 15 mayo/21',1,'2021-08-30 13:16:02','2021-09-07 18:36:41'),(70,32,1,'2894','14094','2021-05-11','2021-05-26','01 al 15 mayo/21',1,'2021-08-30 13:16:02','2021-09-07 18:37:05'),(71,32,1,'2895','14094','2021-05-11','2021-05-26','01 al 15 mayo/21',1,'2021-08-30 13:16:02','2021-09-07 18:37:39'),(72,32,1,'2896','2349','2021-05-11','2021-05-26','Festivo 1 de mayo',1,'2021-08-30 13:16:02','2021-09-07 18:38:01'),(73,32,1,'2941','14094','2021-05-18','2021-06-02','16 al 31 mayo/21',1,'2021-08-30 13:16:02','2021-09-07 18:38:42'),(74,32,1,'2942','14094','2021-05-18','2021-06-02','16 al 31 mayo/21',1,'2021-08-30 13:16:02','2021-09-07 18:39:08'),(75,32,1,'2943','14094','2021-05-18','2021-06-02','16 al 31 mayo/21',1,'2021-08-30 13:16:02','2021-09-07 18:39:29'),(76,32,1,'2944','14094','2021-05-18','2021-06-02','16 al 31 mayo/21',1,'2021-08-30 13:16:02','2021-09-07 18:39:50'),(77,32,1,'2945','14094','2021-05-18','2021-06-02','16 al 31 mayo/21',1,'2021-08-30 13:16:02','2021-09-07 18:40:15'),(78,32,4,'3018','14094','2022-06-03','2021-06-18','01 al 15 junio/21',0,'2021-08-30 13:16:02','2021-09-21 08:11:48'),(79,32,4,'3019','14094','2022-06-03','2021-06-18','01 al 15 junio/21',0,'2021-08-30 13:16:02','2021-09-21 08:11:48'),(80,32,4,'3020','14094','2022-06-03','2021-06-18','01 al 15 junio/21',0,'2021-08-30 13:16:02','2021-09-21 08:11:48'),(81,32,4,'3022','14094','2022-06-03','2021-06-18','01 al 15 junio/21',0,'2021-08-30 13:16:02','2021-09-21 08:11:48'),(82,32,4,'3023','14094','2022-06-03','2021-06-18','01 al 15 junio/21',0,'2021-08-30 13:16:02','2021-09-21 08:11:48'),(83,32,4,'3051','14094','2022-06-03','2021-06-30','16 al 30 junio/21',0,'2021-08-30 13:16:02','2021-09-21 08:11:48'),(84,32,4,'3052','14094','2021-06-15','2021-06-30','16 al 30 junio/21',0,'2021-08-30 13:16:02','2021-09-21 08:11:48'),(85,32,4,'3053','14094','2021-06-15','2021-06-30','16 al 30 junio/21',0,'2021-08-30 13:16:02','2021-09-21 08:11:48'),(86,32,4,'3054','14094','2021-06-15','2021-06-30','16 al 30 junio/21',0,'2021-08-30 13:16:02','2021-09-21 08:11:48'),(87,32,4,'3055','14094','2021-06-15','2021-06-30','16 al 30 junio/21',0,'2021-08-30 13:16:02','2021-09-21 08:11:48'),(88,32,3,'3132','14094','2021-07-07','2021-07-22','01 al 15 julio/21',0,'2021-08-30 13:16:02','2021-09-21 08:11:48'),(89,32,3,'3133','14094','2021-07-07','2021-07-22','01 al 15 julio/21',0,'2021-08-30 13:16:02','2021-09-21 08:11:48'),(90,32,3,'3134','14094','2021-07-07','2021-07-22','01 al 15 julio/21',0,'2021-08-30 13:16:02','2021-09-21 08:11:48'),(91,32,3,'3135','14094','2021-07-07','2021-07-22','01 al 15 julio/21',0,'2021-08-30 13:16:02','2021-09-21 08:11:48'),(92,32,3,'3136','14094','2021-07-07','2021-07-22','01 al 15 julio/21',0,'2021-08-30 13:16:02','2021-09-21 08:11:48'),(93,32,2,'3160','14094','2021-07-16','2021-07-31','16 al 31 julio/21',0,'2021-08-30 13:16:02','2021-09-21 08:11:48'),(94,32,2,'3161','14094','2021-07-16','2021-07-31','16 al 31 julio/21',0,'2021-08-30 13:16:02','2021-09-21 08:11:48'),(95,32,2,'3162','14094','2021-07-16','2021-07-31','16 al 31 julio/21',0,'2021-08-30 13:16:02','2021-09-21 08:11:48'),(96,32,2,'3163','14094','2021-07-16','2021-07-31','16 al 31 julio/21',0,'2021-08-30 13:16:02','2021-09-21 08:11:48'),(97,32,2,'3164','14094','2021-07-16','2021-07-31','16 al 31 julio/21',0,'2021-08-30 13:16:02','2021-09-21 08:11:48'),(98,24,4,'2670','27840','2021-03-10','2021-04-09','2021-03-01',0,'2021-08-30 13:16:02','2021-09-21 08:11:48'),(99,24,4,'2798','27840','2021-04-09','2021-05-08','2021-04-01',0,'2021-08-30 13:16:02','2021-09-21 08:11:48'),(100,24,4,'2912','27840','2021-05-11','2021-06-10','2021-05-01',0,'2021-08-30 13:16:02','2021-09-21 08:11:48'),(101,85,4,'1212','15080','2020-05-03','2020-06-02','2020-05-01',0,'2021-08-30 13:16:02','2021-09-21 08:11:48'),(102,85,4,'1356','15080','2020-06-03','2020-07-03','2020-06-01',0,'2021-08-30 13:16:02','2021-09-21 08:11:48'),(103,85,4,'1474','15080','2020-07-03','2020-08-03','2020-07-01',0,'2021-08-30 13:16:02','2021-09-21 08:11:48'),(104,85,4,'1620','15080','2020-08-03','2020-09-02','2020-08-01',0,'2021-08-30 13:16:02','2021-09-21 08:11:48'),(105,85,4,'1726','15080','2020-09-03','2020-10-03','2020-09-01',0,'2021-08-30 13:16:02','2021-09-21 08:11:48'),(106,34,1,'3170','10936.2','2021-07-27','2021-08-03','2021-07-01',1,'2021-08-30 13:16:02','2021-09-07 18:41:01'),(107,35,2,'1494','28536','2021-07-03','2021-07-23','2021-07-01',0,'2021-08-30 13:16:02','2021-09-21 08:11:48'),(108,35,2,'1495','42804','2021-07-03','2021-07-23','2021-07-01',0,'2021-08-30 13:16:02','2021-09-21 08:11:48'),(109,37,1,'3175','12834.37','2021-07-27','2021-08-11','2021-07-01',1,'2021-08-30 13:16:02','2021-09-07 17:52:16'),(110,82,1,'578','7208.14','2021-12-19','2021-12-19','15 dic al 02 feb/21',1,'2021-08-30 13:16:02','2021-09-07 18:41:33'),(111,39,1,'3092','12992','2021-07-02','2021-08-01','2021-07-01',1,'2021-08-30 13:16:02','2021-09-07 18:42:36'),(112,79,1,'2130','48179.25','2020-04-13','2020-04-13',NULL,1,'2021-08-30 13:16:02','2021-09-07 18:43:28'),(113,80,1,'1710','119000',NULL,NULL,NULL,0,'2021-08-30 13:16:02','2021-08-30 13:16:02'),(114,41,4,'2069','435','2020-11-10','2020-12-09','2020-11-01',0,'2021-08-30 13:16:02','2021-09-21 08:11:48'),(115,41,1,'3075','435','2021-06-29','2021-07-29','2021-06-01',1,'2021-08-30 13:16:02','2021-09-07 18:44:07'),(116,41,1,'3138','435','2021-07-07','2021-08-06','2021-07-01',1,'2021-08-30 13:16:02','2021-09-07 18:44:35'),(117,49,1,'2782','487.2','2021-04-09','2021-05-09','2021-04-01',1,'2021-08-30 13:16:02','2021-09-07 18:45:01'),(118,49,1,'2897','487.2','2021-05-11','2021-06-10','2021-05-01',1,'2021-08-30 13:16:02','2021-09-07 18:45:43'),(119,49,1,'3074','487.2','2021-06-29','2021-07-29','2021-06-01',1,'2021-08-30 13:16:02','2021-09-07 18:46:11'),(120,49,1,'3137','487.2','2021-07-07','2021-08-06','2021-07-01',1,'2021-08-30 13:16:02','2021-09-07 18:46:39'),(121,46,2,'3110','29000','2021-07-02','2021-07-27','2021-07-01',0,'2021-08-30 13:16:02','2021-09-21 08:11:48'),(122,44,3,'3067','7150','2021-06-29','2021-07-14','16 al 30 jun/21',0,'2021-08-30 13:16:02','2021-09-21 08:11:48'),(123,44,2,'3154','7626.67','2021-07-13','2021-07-28','01 al 15 jul/21',0,'2021-08-30 13:16:02','2021-09-21 08:11:48'),(124,44,2,'3169','7150','2021-07-13','2021-07-28','16 al 31 jul/21',0,'2021-08-30 13:16:02','2021-09-21 08:11:48'),(125,43,4,'2797','55680','2021-04-09','2021-05-08','2021-04-01',0,'2021-08-30 13:16:02','2021-09-21 08:11:48'),(126,43,4,'2911','55680','2021-05-11','2021-06-10','2021-05-01',0,'2021-08-30 13:16:02','2021-09-21 08:11:48'),(127,47,1,'2933','2970','2021-05-14','2021-05-29',NULL,1,'2021-08-30 13:16:02','2021-09-07 18:47:20'),(128,45,1,'3165','38666.98','2020-12-01','2020-12-31',NULL,1,'2021-08-30 13:16:02','2021-09-07 18:48:03'),(129,51,1,'3172','12644','2021-07-27','2021-08-26','2021-07-01',1,'2021-08-30 13:16:02','2021-09-06 11:16:32'),(130,51,1,'3173','3828.03','2021-07-27','2021-08-26','Turnos extras jul/21',1,'2021-08-30 13:16:02','2021-09-06 11:16:07'),(131,51,1,'3174','24023.6','2021-07-27','2021-08-26','2021-07-01',1,'2021-08-30 13:16:02','2021-09-06 11:15:43'),(132,56,3,'3042','26507.8','2021-06-09','2021-07-08','2021-06-01',0,'2021-08-30 13:16:02','2021-09-21 08:11:48'),(133,56,2,'3126','26507.8','2021-07-02','2021-08-01','2021-07-01',0,'2021-08-30 13:16:02','2021-09-21 08:11:48'),(134,54,1,'3118','19786.14','2021-07-02','2021-07-22','2021-07-01',1,'2021-08-30 13:16:02','2021-09-06 11:18:20'),(135,57,1,'2886','27500','2021-05-11','2021-05-18','2021-05-01',1,'2021-08-30 13:16:02','2021-09-07 18:48:49'),(136,57,1,'3006','27500','2021-06-02','2021-06-09','2021-06-01',1,'2021-08-30 13:16:02','2021-09-07 18:49:21'),(137,57,3,'3129','27500','2021-07-06','2021-07-13','2021-07-01',0,'2021-08-30 13:16:02','2021-09-21 08:11:48'),(138,60,4,'1529','737.36','2020-06-06','2020-07-06',NULL,0,'2021-08-30 13:16:02','2021-09-21 08:11:48'),(139,60,4,'1947','11252','2020-10-07','2020-11-06','2020-10-01',0,'2021-08-30 13:16:02','2021-09-21 08:11:48'),(140,60,4,'1948','11252','2020-10-07','2020-11-06','2020-10-01',0,'2021-08-30 13:16:02','2021-09-21 08:11:48'),(141,59,4,'816','9932.24','2021-02-11','2021-03-10','2021-02-01',0,'2021-08-30 13:16:02','2021-09-21 08:11:48'),(142,59,2,'3072','12180','2021-06-29','2021-07-28','2021-05-01',0,'2021-08-30 13:16:02','2021-09-21 08:11:48'),(143,59,2,'3166','12180','2021-07-20','2021-08-19','2021-06-01',0,'2021-08-30 13:16:02','2021-09-21 08:11:48'),(144,64,4,'2547','8700','2021-02-17','2021-03-04','2021-02-01',0,'2021-08-30 13:16:02','2021-09-21 08:11:48'),(145,64,4,'2548','15080','2021-02-17','2021-03-04','2021-02-01',0,'2021-08-30 13:16:02','2021-09-21 08:11:48'),(146,64,4,'2639','8700','2021-03-03','2021-03-18','2021-03-01',0,'2021-08-30 13:16:02','2021-09-21 08:11:48'),(147,64,4,'2640','8700','2021-03-03','2021-03-18','2021-03-01',0,'2021-08-30 13:16:02','2021-09-21 08:11:48'),(148,64,4,'2641','15080','2021-03-03','2021-03-18','2021-03-01',0,'2021-08-30 13:16:02','2021-09-21 08:11:48'),(149,64,4,'2675','8700','2021-03-18','2021-04-02','2021-03-01',0,'2021-08-30 13:16:03','2021-09-21 08:11:48'),(150,64,4,'2676','8700','2021-03-18','2021-04-02','2021-03-01',0,'2021-08-30 13:16:03','2021-09-21 08:11:48'),(151,64,4,'2677','15080','2021-03-18','2021-04-02','2021-03-01',0,'2021-08-30 13:16:03','2021-09-21 08:11:48'),(152,64,4,'2767','8700','2021-04-08','2021-04-23','2021-04-01',0,'2021-08-30 13:16:03','2021-09-21 08:11:48'),(153,64,4,'2803','8700','2021-04-13','2021-04-28','2021-04-01',0,'2021-08-30 13:16:03','2021-09-21 08:11:48'),(154,64,4,'2807','7037.36','2021-04-13','2021-04-28','2021-04-01',0,'2021-08-30 13:16:03','2021-09-21 08:11:49'),(155,64,4,'2811','1740','2021-04-17','2021-05-02','2021-04-01',0,'2021-08-30 13:16:03','2021-09-21 08:11:49'),(156,64,4,'2888','2320','2021-05-11','2021-05-26','2021-04-01',0,'2021-08-30 13:16:03','2021-09-21 08:11:49'),(157,64,4,'2889','8700','2021-05-11','2021-05-26','2021-05-01',0,'2021-08-30 13:16:03','2021-09-21 08:11:49'),(158,64,4,'2890','1160','2021-05-11','2021-05-26','2021-05-01',0,'2021-08-30 13:16:03','2021-09-21 08:11:49'),(159,64,1,'3158','8700','2021-07-16','2021-07-31','2021-07-01',1,'2021-08-30 13:16:03','2021-09-07 18:50:17'),(160,84,4,'2078','27840','2020-11-01','2020-11-21','2020-11-01',0,'2021-08-30 13:16:03','2021-09-21 08:11:49'),(161,84,4,'2222','27840','2020-12-01','2020-12-21','2020-12-01',0,'2021-08-30 13:16:03','2021-09-21 08:11:49'),(162,84,4,'2223','464','2020-12-01','2020-12-21','festivo 16 nov-20',0,'2021-08-30 13:16:03','2021-09-21 08:11:49'),(163,84,4,'2391','27840','2021-01-01','2021-01-21','2021-01-01',0,'2021-08-30 13:16:03','2021-09-21 08:11:49'),(164,84,4,'2392','928','2021-01-01','2021-01-21','FESTIVOS 25 DIC Y 01-ENE/21',0,'2021-08-30 13:16:03','2021-09-21 08:11:49'),(165,84,4,'2528','27840','2021-02-01','2021-02-21','2021-02-01',0,'2021-08-30 13:16:03','2021-09-21 08:11:49'),(166,84,4,'2529','464','2021-02-01','2021-02-21','festivo 1 feb-21',0,'2021-08-30 13:16:03','2021-09-21 08:11:49'),(167,84,4,'2665','27840','2021-03-01','2021-03-21','2021-03-01',0,'2021-08-30 13:16:03','2021-09-21 08:11:49'),(168,84,4,'2793','464','2021-03-01','2021-03-21','festivo 21 mzo/21',0,'2021-08-30 13:16:03','2021-09-21 08:11:49'),(169,66,1,'3114','26680','2021-07-02','2021-07-22','2021-07-01',1,'2021-08-30 13:16:03','2021-09-07 18:50:51'),(170,65,1,'3082','41250','2021-07-01','2021-07-11','2021-07-01',1,'2021-08-30 13:16:03','2021-09-07 18:51:16'),(171,63,4,'2930','440','2021-05-11','2021-05-18','2021-05-01',0,'2021-08-30 13:16:03','2021-09-21 08:11:49'),(172,67,1,'3035','29000','2021-06-09','2021-06-16','2021-06-01',1,'2021-08-30 13:16:03','2021-09-06 11:16:58'),(173,67,1,'3146','29000','2021-07-07','2021-07-14','2021-07-01',1,'2021-08-30 13:16:03','2021-09-06 11:17:22'),(174,83,4,'460','69600','2019-12-02','2019-12-22','2019-12-01',0,'2021-08-30 13:16:03','2021-09-21 08:11:49'),(175,83,4,'665','13920','2020-01-06','2020-01-28','01 al 06 de ene-20',0,'2021-08-30 13:16:03','2021-09-21 08:11:49'),(176,70,1,'3088','23200','2021-07-01','2021-08-15','2021-07-01',1,'2021-08-30 13:16:03','2021-09-07 18:51:49'),(177,72,2,'2928','1668.35','2021-07-01','2021-08-10','2021-07-01',0,'2021-08-30 13:16:03','2021-09-21 08:11:49'),(178,72,1,'3085','147418.35','2021-07-01','2021-08-10','2021-07-01',1,'2021-08-30 13:16:03','2021-09-07 18:52:14'),(179,73,2,'3112','55000','2021-07-02','2021-08-01','2021-07-01',0,'2021-08-30 13:16:03','2021-09-21 08:11:49'),(180,73,2,'3113','55000','2021-07-02','2021-08-01','2021-07-01',0,'2021-08-30 13:16:03','2021-09-21 08:11:49'),(181,148,4,'2694','10450','2021-06-03','2021-06-23','2021-05-01',0,'2021-08-30 13:16:03','2021-09-21 08:11:49'),(182,89,2,'2794','9375.66','2021-07-27','2021-08-06','2021-07-01',0,'2021-08-30 13:16:03','2021-09-21 08:11:49'),(183,90,1,'2784','8120','2021-07-20','2021-07-30','2021-07-01',0,'2021-08-30 13:16:03','2021-08-30 13:16:03'),(184,92,4,'2690','80421.46','2021-06-02','2021-06-17','2021-05-01',0,'2021-08-30 13:16:03','2021-09-21 08:11:49'),(185,92,2,'2777','78788.65','2021-07-08','2021-07-23','2021-06-01',0,'2021-08-30 13:16:03','2021-09-21 08:11:49'),(186,94,1,'2797','8506.66','2021-07-27','2021-08-06','2021-07-01',0,'2021-08-30 13:16:03','2021-08-30 13:16:03'),(187,94,1,'2798','6746.64','2021-07-27','2021-08-06','2021-07-01',0,'2021-08-30 13:16:03','2021-08-30 13:16:03'),(188,97,1,'2791','9774.93','2021-07-27','2021-08-03','2021-07-01',0,'2021-08-30 13:16:03','2021-08-30 13:16:03'),(189,98,1,'2672','9744','2021-06-01','2021-06-21','2021-06-01',0,'2021-08-30 13:16:03','2021-08-30 13:16:03'),(190,98,1,'2749','9419.2','2021-07-05','2021-07-25','2021-07-01',0,'2021-08-30 13:16:03','2021-08-30 13:16:03'),(191,81,2,'2790','13920','2021-07-23','2021-07-30',NULL,0,'2021-08-30 13:16:03','2021-09-21 08:11:49'),(192,104,1,'2765','9570','2021-07-06','2021-07-26','2021-07-01',0,'2021-08-30 13:16:03','2021-08-30 13:16:03'),(193,106,1,'2725','9280','2021-06-25','2021-07-10','2021-06-01',0,'2021-08-30 13:16:03','2021-08-30 13:16:03'),(194,106,1,'2792','9280','2021-07-27','2021-08-11','2021-07-01',0,'2021-08-30 13:16:03','2021-08-30 13:16:03'),(195,107,2,'2758','26882.76','2021-07-06','2021-07-26','2021-07-01',0,'2021-08-30 13:16:03','2021-09-21 08:11:49'),(196,108,4,'2476','2088','2021-03-09','2021-04-08','2021-03-01',0,'2021-08-30 13:16:03','2021-09-21 08:11:49'),(197,108,4,'2477','3262.5','2021-03-09','2021-04-08','2021-02-01',0,'2021-08-30 13:16:03','2021-09-21 08:11:49'),(198,110,4,'2607','9628','2021-05-07','2021-05-27','2021-05-01',0,'2021-08-30 13:16:03','2021-09-21 08:11:49'),(199,110,2,'2747','9628','2021-07-05','2021-07-25','2021-07-01',0,'2021-08-30 13:16:03','2021-09-21 08:11:49'),(200,111,1,'2766','3490.66','2021-07-06','2021-08-05',NULL,0,'2021-08-30 13:16:03','2021-08-30 13:16:03'),(201,112,1,'2628','9280','2021-05-07','2021-06-06','2021-05-01',0,'2021-08-30 13:16:03','2021-08-30 13:16:03'),(202,114,1,'2754','10208','2021-05-07','2021-06-01','2021-07-01',0,'2021-08-30 13:16:03','2021-08-30 13:16:03'),(203,119,1,'2757','10440','2021-07-06','2021-08-05','2021-07-01',0,'2021-08-30 13:16:03','2021-09-02 12:16:56'),(204,121,1,'2715','45954.89','2021-06-18','2021-08-02','2021-05-01',0,'2021-08-30 13:16:03','2021-08-30 13:16:03'),(205,121,2,'2789','46259.22','2021-07-27','2021-09-10','2021-06-01',0,'2021-08-30 13:16:03','2021-09-21 08:11:49'),(206,122,1,'2744','20880','2021-07-05','2021-07-04','2021-07-01',0,'2021-08-30 13:16:03','2021-08-30 13:16:03'),(207,125,4,'2316','6960','2021-01-07','2021-01-17','2021-01-01',0,'2021-08-30 13:16:03','2021-09-21 08:11:49'),(208,126,4,'2682','9130','2021-06-01','2021-06-21','2021-06-01',0,'2021-08-30 13:16:03','2021-09-21 08:11:49'),(209,129,3,'2704','9445.44','2021-06-08','2021-07-08','2021-06-01',0,'2021-08-30 13:16:03','2021-09-21 08:11:49'),(210,130,4,'2684','38720','2021-06-01','2021-06-30','2021-06-01',0,'2021-08-30 13:16:03','2021-09-21 08:11:49'),(211,130,1,'2762','38720','2021-07-06','2021-07-05','2021-07-01',0,'2021-08-30 13:16:03','2021-08-30 13:16:03'),(212,128,4,'1576','6000','2020-02-19','2020-03-10','2020-02-01',0,'2021-08-30 13:16:03','2021-09-21 08:11:49'),(213,132,1,'2737','48720','2021-07-05','2021-07-30','2021-07-01',0,'2021-08-30 13:16:03','2021-08-30 13:16:03'),(214,133,4,'2663','18040','2021-06-01','2021-06-08','2021-06-01',0,'2021-08-30 13:16:03','2021-09-21 08:11:49'),(215,135,1,'2673','20184','2021-06-01','2021-06-06','2021-06-01',0,'2021-08-30 13:16:03','2021-08-30 13:16:03'),(216,135,3,'2750','20184','2021-07-05','2021-07-10','2021-07-01',0,'2021-08-30 13:16:03','2021-09-21 08:11:49'),(217,136,4,'2712','4950','2021-06-16','2021-06-23',NULL,0,'2021-08-30 13:16:03','2021-09-21 08:11:49'),(218,138,4,'2633','8250','2021-05-11','2021-05-26','2021-05-01',0,'2021-08-30 13:16:03','2021-09-21 08:11:49'),(219,137,4,'2602','1160','2021-05-06','2021-06-05','2021-05-01',0,'2021-08-30 13:16:03','2021-09-21 08:11:49'),(220,142,1,'2793','7700','2021-07-27','2021-08-02','2021-07-01',0,'2021-08-30 13:16:03','2021-08-30 13:16:03'),(221,141,4,'2246','1045.01','2020-12-02','2020-12-02',NULL,0,'2021-08-30 13:16:03','2021-09-21 08:11:49'),(222,145,1,'2611','39440','2021-05-07','2021-05-12','2021-05-01',0,'2021-08-30 13:16:03','2021-08-30 13:16:03'),(223,145,1,'2674','39440','2021-06-01','2021-06-06','2021-06-01',0,'2021-08-30 13:16:03','2021-08-31 12:23:38'),(224,145,3,'2751','39440','2021-07-05','2021-07-10','2021-07-01',0,'2021-08-30 13:16:03','2021-09-21 08:11:49'),(225,147,1,'2795','12650','2021-07-27','2021-08-03','2021-07-01',0,'2021-08-30 13:16:03','2021-08-30 13:16:03'),(226,158,1,'2643','9280','2021-05-27','2021-06-11','2021-05-01',0,'2021-08-30 13:16:03','2021-08-30 13:16:03'),(227,154,4,'1066','3232.53','2019-09-04','2019-09-24','2019-09-01',0,'2021-08-30 13:16:03','2021-09-21 08:11:49'),(228,155,4,'1537','8468','2020-02-07','2020-03-06','2020-01-01',0,'2021-08-30 13:16:03','2021-09-21 08:11:49'),(229,155,4,'1593','6468','2020-02-25','2020-02-26','2020-02-01',0,'2021-08-30 13:16:03','2021-09-21 08:11:49'),(230,156,4,'1573','1082.7','2020-02-17','2020-03-16','2020-02-01',0,'2021-08-30 13:16:03','2021-09-21 08:11:49'),(231,149,4,'1330','870','2019-01-02','2020-01-22','festivos dic-20',0,'2021-08-30 13:16:03','2021-09-21 08:11:49'),(232,149,4,'1422','17400','2020-01-04','2020-01-24','2020-01-01',0,'2021-08-30 13:16:03','2021-09-21 08:11:49'),(233,150,4,'1264','10440','2019-11-06','2019-11-26','2019-11-01',0,'2021-08-30 13:16:03','2021-09-21 08:11:49'),(234,150,4,'1317','9280','2019-12-02','2019-12-22','2019-12-01',0,'2021-08-30 13:16:03','2021-09-21 08:11:49'),(235,150,4,'1318','8120','2019-12-02','2019-12-22','2019-12-01',0,'2021-08-30 13:16:03','2021-09-21 08:11:49'),(236,150,4,'1319','348','2019-12-02','2019-12-22',NULL,0,'2021-08-30 13:16:03','2021-09-21 08:11:49'),(237,150,4,'1412','5220','2020-01-03','2020-01-23','2020-01-01',0,'2021-08-30 13:16:03','2021-09-21 08:11:49'),(238,150,4,'1413','4640','2020-01-03','2020-01-23','2020-01-01',0,'2021-08-30 13:16:03','2021-09-21 08:11:49'),(239,150,4,'1437','348','2020-01-04','2020-01-24','Festivo 25 dic-19',0,'2021-08-30 13:16:03','2021-09-21 08:11:49'),(240,150,4,'1508','9280','2020-02-06','2020-02-26','2020-02-01',0,'2021-08-30 13:16:03','2021-09-21 08:11:49'),(241,150,4,'1561','309.35','2020-02-14','2020-03-05','Festivo 3 feb-20',0,'2021-08-30 13:16:03','2021-09-21 08:11:49'),(242,150,4,'1613','9280','2020-03-03','2020-03-23','2020-03-01',0,'2021-08-30 13:16:03','2021-09-21 08:11:49'),(243,151,4,'1495','18560','2020-02-04','2020-01-24','2020-01-01',0,'2021-08-30 13:16:03','2021-09-21 08:11:49'),(244,166,1,'86','40','2021-04-16','2021-05-16',NULL,1,'2021-08-30 13:16:03','2021-09-06 12:18:03'),(245,166,1,'669','11600','2021-09-09','2021-10-09','2021-06-01',1,'2021-08-30 13:16:03','2021-09-06 12:18:20'),(246,166,1,'683','11600','2021-07-06','2021-08-05','2021-07-01',1,'2021-08-30 13:16:03','2021-09-06 12:18:35'),(247,167,4,'651','12614','2021-05-07','2021-06-01','2021-05-01',0,'2021-08-30 13:16:03','2021-09-21 08:11:49'),(248,167,4,'666','23664','2021-06-01','2021-06-26','2021-06-01',0,'2021-08-30 13:16:03','2021-09-21 08:11:49'),(249,167,2,'680','23664','2021-07-01','2021-07-26','2021-07-01',0,'2021-08-30 13:16:03','2021-09-21 08:11:49'),(250,169,4,'658','11754.66','2021-06-01','2021-07-01','2021-05-01',0,'2021-08-30 13:16:03','2021-09-21 08:11:49'),(251,169,4,'659','62640','2021-06-01','2021-07-01','2021-05-01',0,'2021-08-30 13:16:03','2021-09-21 08:11:49'),(252,169,4,'660','12180','2021-06-01','2021-07-01','2021-05-01',0,'2021-08-30 13:16:03','2021-09-21 08:11:49'),(253,169,4,'661','12180','2021-06-01','2021-07-01','2021-05-01',0,'2021-08-30 13:16:03','2021-09-21 08:11:49'),(254,169,4,'662','12180','2021-06-01','2021-07-01','2021-05-01',0,'2021-08-30 13:16:03','2021-09-21 08:11:49'),(255,169,2,'672','12180','2021-07-01','2021-08-01','2021-06-01',0,'2021-08-30 13:16:03','2021-09-21 08:11:49'),(256,169,2,'673','62640','2021-07-01','2021-08-01','2021-06-01',0,'2021-08-30 13:16:03','2021-09-21 08:11:49'),(257,169,2,'674','12180','2021-07-01','2021-08-01','2021-06-01',0,'2021-08-30 13:16:03','2021-09-21 08:11:49'),(258,169,2,'675','12180','2021-07-01','2021-08-01','2021-06-01',0,'2021-08-30 13:16:03','2021-09-21 08:11:49'),(259,169,2,'676','12180','2021-07-01','2021-08-01','2021-06-01',0,'2021-08-30 13:16:03','2021-09-21 08:11:49'),(260,1,1,'3177','60320','2021-08-03','2021-08-10',NULL,1,'2021-08-30 13:37:05','2021-09-07 18:52:51'),(261,55,1,'3178','14500','2021-08-03','2021-09-02',NULL,1,'2021-08-30 13:37:42','2021-09-07 18:53:24'),(262,30,1,'3179','31662.20','2021-08-03','2021-09-02',NULL,1,'2021-08-30 13:38:20','2021-09-07 18:53:47'),(263,68,1,'3180','27840','2021-08-03','2021-08-18',NULL,1,'2021-08-30 13:39:27','2021-09-07 18:54:07'),(264,68,1,'3181','17980','2021-08-03','2021-08-18',NULL,1,'2021-08-30 13:40:02','2021-09-07 18:54:30'),(265,65,1,'3182','41250','2021-08-03','2021-08-13',NULL,1,'2021-08-30 13:40:32','2021-09-07 18:54:50'),(266,63,1,'3183','13200','2021-08-03','2021-08-10',NULL,1,'2021-08-30 13:40:59','2021-09-07 18:55:13'),(267,42,1,'3184','14410','2021-08-03','2021-08-23',NULL,1,'2021-08-30 13:41:27','2021-09-07 18:55:37'),(268,72,1,'3185','145750','2021-08-03','2021-09-12',NULL,1,'2021-08-30 13:42:05','2021-09-13 15:47:41'),(269,27,2,'3186','21205.80','2021-08-03','2021-09-17',NULL,0,'2021-08-30 13:42:45','2021-09-21 08:11:49'),(270,5,2,'3187','12760','2021-08-03','2021-08-23',NULL,0,'2021-08-30 13:43:16','2021-09-21 08:11:49'),(271,70,1,'3188','23200','2021-08-04','2021-09-18',NULL,1,'2021-08-30 13:44:20','2021-09-08 13:09:44'),(272,17,2,'3189','25520','2021-08-04','2021-08-14',NULL,0,'2021-08-30 13:44:57','2021-09-21 08:11:49'),(273,14,1,'3190','12760','2021-08-04','2021-08-11',NULL,1,'2021-08-30 13:45:32','2021-09-07 18:56:09'),(274,48,1,'3191','12760','2021-08-04','2021-09-03',NULL,1,'2021-08-30 13:45:56','2021-09-07 18:56:31'),(275,10,1,'3192','27840','2021-08-04','2021-08-24',NULL,1,'2021-08-30 13:46:40','2021-09-07 18:56:55'),(276,39,2,'3193','12992','2021-08-04','2021-09-03',NULL,0,'2021-08-30 13:47:04','2021-09-21 08:11:49'),(277,61,1,'3194','12650','2021-08-04','2021-08-11',NULL,1,'2021-08-30 13:47:27','2021-09-07 18:57:23'),(278,61,1,'3195','12650','2021-08-04','2021-08-11',NULL,1,'2021-08-30 13:47:53','2021-09-07 18:57:45'),(279,61,1,'3196','12650','2021-08-04','2021-08-11',NULL,1,'2021-08-30 13:48:19','2021-09-07 18:58:05'),(280,52,1,'3197','6960','2021-08-04','2021-08-14',NULL,1,'2021-08-30 13:48:50','2021-09-07 18:58:34'),(281,62,1,'3198','59856','2021-08-04','2021-09-03',NULL,1,'2021-08-30 13:49:21','2021-09-07 18:58:54'),(282,25,1,'3199','13920','2021-08-04','2021-08-26',NULL,1,'2021-08-30 13:49:51','2021-09-07 18:59:13'),(283,22,1,'3200','2610','2021-08-06','2021-08-26',NULL,1,'2021-08-30 13:50:29','2021-09-07 18:59:32'),(284,40,1,'3201','39672','2021-08-06','2021-08-13',NULL,1,'2021-08-30 13:50:55','2021-09-07 18:59:50'),(285,40,1,'3202','26448','2021-08-06','2021-08-13',NULL,1,'2021-08-30 13:51:20','2021-09-07 19:00:11'),(286,40,1,'3203','66120','2021-08-06','2021-08-13',NULL,1,'2021-08-30 13:51:47','2021-09-07 19:00:40'),(287,6,1,'3204','27840','2021-08-06','2021-09-05',NULL,1,'2021-08-30 13:52:10','2021-09-07 17:54:18'),(288,2,1,'3205','105328','2021-08-06','2021-09-15',NULL,1,'2021-08-30 13:52:43','2021-09-13 15:46:25'),(289,36,1,'3206','52974.97','2021-08-06','2021-08-16',NULL,1,'2021-08-30 13:53:23','2021-09-07 19:01:06'),(290,28,1,'3207','7737.50','2021-08-06','2021-08-16',NULL,1,'2021-08-30 13:54:02','2021-09-06 11:20:06'),(291,33,1,'3208','20487.51','2021-08-06','2021-08-16',NULL,1,'2021-08-30 14:29:59','2021-09-07 19:01:32'),(292,58,1,'3209','25984','2021-08-06','2021-08-26',NULL,1,'2021-08-30 14:30:32','2021-09-07 19:01:55'),(293,35,1,'3210','28536','2021-08-06','2021-08-26',NULL,1,'2021-08-30 14:31:02','2021-09-07 19:02:19'),(294,35,1,'3211','42804','2021-08-06','2021-08-26',NULL,1,'2021-08-30 14:31:29','2021-09-07 19:02:43'),(295,46,2,'3212','29000','2021-08-06','2021-08-31',NULL,0,'2021-08-30 14:34:15','2021-09-21 08:11:49'),(296,4,1,'3213','25520','2021-08-06','2021-08-26',NULL,1,'2021-08-30 14:34:41','2021-09-07 19:03:06'),(297,73,1,'3214','55000','2021-08-06','2021-09-05',NULL,1,'2021-08-30 14:35:11','2021-09-06 11:11:27'),(298,73,1,'3215','55000','2021-08-06','2021-09-05',NULL,1,'2021-08-30 14:35:36','2021-09-06 11:11:45'),(299,66,2,'3216','26680','2021-08-06','2021-08-26',NULL,0,'2021-08-30 14:36:12','2021-09-21 08:11:49'),(300,170,2,'3217','27500','2021-08-10','2021-10-09',NULL,0,'2021-08-30 14:42:13','2021-09-21 08:11:49'),(301,16,1,'3218','13200','2021-08-06','2021-08-26',NULL,1,'2021-08-30 14:42:39','2021-09-06 09:49:10'),(302,86,1,'3219','29000','2021-08-06','2021-08-26',NULL,1,'2021-08-30 14:43:10','2021-09-06 09:49:39'),(303,54,1,'3220','19786.14','2021-08-06','2021-08-26',NULL,1,'2021-08-30 14:43:38','2021-09-06 11:18:38'),(304,13,1,'3221','12760','2021-08-06','2021-08-26',NULL,1,'2021-08-30 14:44:07','2021-09-06 09:50:38'),(305,69,1,'3222','42804','2021-08-06','2021-09-05',NULL,1,'2021-08-30 14:44:40','2021-09-06 09:51:08'),(306,7,1,'3223','13200','2021-08-06','2021-08-13',NULL,1,'2021-08-30 14:45:10','2021-09-06 09:51:25'),(307,9,1,'3224','25300','2021-08-06','2021-08-21',NULL,1,'2021-08-30 14:45:40','2021-09-06 09:51:57'),(308,9,1,'3225','25300','2021-08-06','2021-08-21',NULL,1,'2021-08-30 14:46:11','2021-09-10 13:49:51'),(309,26,1,'3226','14300','2021-08-06','2021-08-16',NULL,1,'2021-08-30 14:46:45','2021-09-06 09:52:16'),(310,11,1,'3227','34540','2021-08-06','2021-09-05',NULL,1,'2021-08-30 14:47:41','2021-09-06 09:52:31'),(311,45,1,'3228','58000','2021-08-06','2021-09-05',NULL,1,'2021-08-30 14:48:13','2021-09-06 09:52:47'),(312,171,2,'3229','13184.56','2021-08-06','2021-10-05',NULL,0,'2021-08-30 14:49:41','2021-09-21 08:11:49'),(313,50,1,'3230','15660','2021-08-06','2021-08-21',NULL,1,'2021-08-30 14:50:23','2021-09-06 09:53:10'),(314,29,1,'3231','12180','2021-08-06','2021-08-13',NULL,1,'2021-08-30 14:50:57','2021-09-06 09:53:34'),(315,31,1,'3232','27840','2021-08-06','2021-08-26',NULL,1,'2021-08-30 14:51:29','2021-09-06 09:53:51'),(316,20,1,'3233','27500','2021-08-06','2021-09-05',NULL,1,'2021-08-30 14:51:57','2021-09-06 09:54:07'),(317,71,1,'3234','16500','2021-08-06','2021-09-05',NULL,1,'2021-08-30 14:53:52','2021-09-06 09:54:26'),(318,56,2,'3235','26507.80','2021-08-06','2021-09-05',NULL,0,'2021-08-30 14:54:34','2021-09-21 08:11:50'),(319,64,2,'3236','8700','2021-08-06','2021-08-21',NULL,0,'2021-08-30 14:55:09','2021-09-21 08:11:50'),(320,8,1,'3237','13920','2021-08-06','2021-08-21',NULL,1,'2021-08-30 14:55:37','2021-09-02 11:58:43'),(321,32,2,'3238','14094','2021-08-06','2021-08-21',NULL,0,'2021-08-30 14:59:01','2021-09-21 08:11:50'),(322,32,2,'3239','14094','2021-08-06','2021-08-21',NULL,0,'2021-08-30 14:59:25','2021-09-21 08:11:50'),(323,32,2,'3240','14094','2021-08-06','2021-08-21',NULL,0,'2021-08-30 14:59:49','2021-09-21 08:11:50'),(324,32,2,'3241','14094','2021-08-06','2021-08-21',NULL,0,'2021-08-30 15:00:14','2021-09-21 08:11:50'),(325,32,2,'3242','14094','2021-08-06','2021-08-21',NULL,0,'2021-08-30 15:00:47','2021-09-21 08:11:50'),(326,49,1,'3243','487.20','2021-08-06','2021-09-05',NULL,1,'2021-08-30 15:01:15','2021-09-06 09:54:54'),(327,41,1,'3244','435','2021-08-06','2021-09-05',NULL,1,'2021-08-30 15:02:36','2021-09-06 09:57:39'),(328,47,1,'3245','92070','2021-08-06','2021-08-21',NULL,1,'2021-08-30 15:03:12','2021-09-06 09:57:55'),(329,59,1,'3246','11252','2021-08-06','2021-09-05',NULL,1,'2021-08-30 15:03:48','2021-09-06 09:58:08'),(330,59,1,'3247','11252','2021-08-06','2021-09-05',NULL,1,'2021-08-30 15:04:15','2021-09-06 09:58:21'),(331,59,1,'3248','11252','2021-08-06','2021-09-05',NULL,1,'2021-08-30 15:04:41','2021-09-06 09:58:39'),(332,59,2,'3249','11252','2021-08-06','2021-09-05',NULL,0,'2021-08-30 15:05:10','2021-09-21 08:11:50'),(333,59,1,'3250','13456','2021-08-06','2021-09-05',NULL,1,'2021-08-30 15:05:41','2021-09-06 09:58:53'),(334,59,1,'3251','13456','2021-08-06','2021-09-05',NULL,1,'2021-08-30 15:06:08','2021-09-06 10:00:20'),(335,67,1,'3252','29000','2021-08-06','2021-08-13',NULL,1,'2021-08-30 15:06:31','2021-09-06 11:17:45'),(336,38,1,'3253','880','2021-08-06','2021-08-13',NULL,1,'2021-08-30 15:07:00','2021-09-06 10:00:43'),(337,172,1,'3254','13069.53','2021-08-10','2021-10-09',NULL,1,'2021-08-30 15:08:37','2021-09-06 10:00:58'),(338,19,1,'3255','28600','2021-08-11','2021-09-05',NULL,1,'2021-08-30 15:09:44','2021-09-06 10:01:29'),(339,34,1,'3256','10936.20','2021-08-11','2021-08-18',NULL,1,'2021-08-30 15:10:13','2021-09-06 10:01:44'),(340,44,2,'3257','7150','2021-08-11','2021-08-26',NULL,0,'2021-08-30 15:10:47','2021-09-21 08:11:50'),(341,3,2,'3258','29000','2021-08-17','2021-09-16',NULL,0,'2021-08-30 15:11:18','2021-09-21 08:11:50'),(342,21,2,'3259','26400','2021-08-17','2021-09-06',NULL,0,'2021-08-30 15:11:46','2021-09-21 08:11:50'),(343,53,1,'3260','23200','2021-08-17','2021-09-06',NULL,1,'2021-08-30 15:12:29','2021-09-07 17:53:33'),(344,64,2,'3261','8700','2021-08-17','2021-09-01',NULL,0,'2021-08-30 15:13:04','2021-09-21 08:11:50'),(345,8,2,'3262','13920','2021-08-17','2021-09-01',NULL,0,'2021-08-30 15:13:49','2021-09-21 08:11:50'),(346,32,2,'3263','14094','2021-08-17','2021-09-01',NULL,0,'2021-08-30 15:14:17','2021-09-21 08:11:50'),(347,32,2,'3264','14094','2021-08-17','2021-09-01',NULL,0,'2021-08-30 15:14:42','2021-09-21 08:11:50'),(348,32,2,'3265','14094','2021-08-17','2021-09-01',NULL,0,'2021-08-30 15:15:17','2021-09-21 08:11:50'),(349,32,2,'3266','14094','2021-08-17','2021-09-01',NULL,0,'2021-08-30 15:15:51','2021-09-21 08:11:50'),(350,32,2,'3267','14094','2021-08-17','2021-09-01',NULL,0,'2021-08-30 15:16:22','2021-09-21 08:11:50'),(351,173,1,'3268','49068','2021-08-17','2021-09-16',NULL,1,'2021-08-30 15:17:59','2021-09-17 12:20:46'),(352,174,1,'3269','32712','2021-08-17','2021-09-16',NULL,1,'2021-08-30 15:19:30','2021-09-10 13:51:14'),(353,65,1,'3270','41250','2021-08-20','2021-08-30',NULL,1,'2021-08-30 15:19:53','2021-09-06 10:02:17'),(354,44,2,'3271','7150','2021-08-25','2021-09-09',NULL,0,'2021-08-30 15:20:25','2021-09-21 08:11:50'),(355,34,1,'3272','10936.20','2021-08-27','2021-09-03',NULL,1,'2021-08-30 15:20:50','2021-09-06 10:02:38'),(356,51,2,'3273','12644','2021-08-27','2021-09-26',NULL,0,'2021-08-30 15:21:15','2021-09-21 08:11:50'),(357,51,2,'3274','3828.03','2021-08-27','2021-09-26',NULL,0,'2021-08-30 15:21:43','2021-09-21 08:11:50'),(358,51,2,'3275','24023.60','2021-08-27','2021-09-26',NULL,0,'2021-08-30 15:22:08','2021-09-21 08:11:50'),(359,37,1,'3276','12834.37','2021-08-27','2021-09-11',NULL,1,'2021-08-30 15:22:34','2021-09-07 17:52:40'),(360,38,2,'3277','13200','2021-08-27','2021-09-03',NULL,0,'2021-08-30 15:23:07','2021-09-21 08:11:50'),(361,38,1,'3278','928','2021-08-27','2021-09-03',NULL,1,'2021-08-30 15:23:50','2021-09-07 19:05:01'),(362,175,1,'319','928','2020-01-03','2020-02-02',NULL,1,'2021-08-30 15:55:23','2021-09-06 12:18:57'),(363,176,1,'344','1140','2020-02-12','2020-03-13',NULL,1,'2021-08-30 15:56:14','2021-09-06 12:19:11'),(364,131,1,'2800','8800','2021-08-03','2021-08-18','JULIO',0,'2021-08-31 10:12:02','2021-08-31 11:03:08'),(365,117,1,'2801','18260','2021-08-03','2021-08-13','JULIO',0,'2021-08-31 10:12:29','2021-08-31 11:03:32'),(366,116,1,'2802','31320','2021-08-03','2021-08-23','JULIO',0,'2021-08-31 10:12:54','2021-08-31 12:16:01'),(367,132,2,'2803','9280','2021-08-03','2021-08-28',NULL,0,'2021-08-31 10:13:49','2021-09-21 08:11:50'),(368,132,2,'2804','48720','2021-08-03','2021-08-28',NULL,0,'2021-08-31 10:14:26','2021-09-21 08:11:50'),(369,133,1,'2806','18810','2021-08-03','2021-08-10',NULL,0,'2021-08-31 10:15:10','2021-08-31 10:15:10'),(370,133,1,'2807','9038.33','2021-08-03','2021-08-10',NULL,0,'2021-08-31 10:18:36','2021-08-31 10:18:36'),(371,123,1,'2808','9048','2021-08-03','2021-08-10',NULL,0,'2021-08-31 10:18:53','2021-08-31 10:18:53'),(372,122,2,'2810','20880','2021-08-03','2021-09-02','AGOSTO',0,'2021-08-31 10:19:18','2021-09-21 08:11:50'),(373,146,1,'2812','9048','2021-08-03','2021-09-02',NULL,0,'2021-08-31 10:19:45','2021-08-31 10:19:45'),(374,110,2,'2813','9628','2021-08-03','2021-08-23',NULL,0,'2021-08-31 10:20:10','2021-09-21 08:11:50'),(375,98,1,'2815','9744','2021-08-03','2021-08-23',NULL,0,'2021-08-31 10:21:06','2021-08-31 10:21:06'),(376,145,2,'2818','39440','2021-08-03','2021-08-08',NULL,0,'2021-08-31 10:21:50','2021-09-21 08:11:50'),(377,105,1,'2819','10092','2021-08-03','2021-08-23',NULL,0,'2021-08-31 10:22:07','2021-08-31 10:22:07'),(378,114,1,'2820','10208','2021-08-03','2021-09-07',NULL,0,'2021-08-31 10:22:32','2021-08-31 10:22:32'),(379,139,1,'2821','10440','2021-08-03','2021-08-10',NULL,0,'2021-08-31 10:22:55','2021-08-31 10:22:55'),(380,169,2,'686','12180','2021-08-02','2021-09-01',NULL,0,'2021-08-31 10:22:58','2021-09-21 08:11:50'),(381,88,1,'2822','9460','2021-08-03','2021-08-23',NULL,0,'2021-08-31 10:23:13','2021-08-31 10:23:13'),(382,169,2,'687','62640','2021-08-02','2021-09-01',NULL,0,'2021-08-31 10:23:25','2021-09-21 08:11:50'),(383,119,2,'2823','10440','2021-08-03','2021-09-02','AGOSTO',0,'2021-08-31 10:23:32','2021-09-21 08:11:50'),(384,169,2,'688','12180','2021-08-02','2021-09-01',NULL,0,'2021-08-31 10:23:50','2021-09-21 08:11:50'),(385,107,2,'2824','29150.02','2021-08-03','2021-08-23',NULL,0,'2021-08-31 10:23:55','2021-09-21 08:11:50'),(386,169,2,'689','12180','2021-08-02','2021-09-01',NULL,0,'2021-08-31 10:24:20','2021-09-21 08:11:50'),(387,126,2,'2825','9130','2021-08-03','2021-08-23',NULL,0,'2021-08-31 10:24:21','2021-09-21 08:11:50'),(388,169,2,'690','12180','2021-08-02','2021-09-01',NULL,0,'2021-08-31 10:24:45','2021-09-21 08:11:50'),(389,163,1,'691','31320','2021-08-02','2021-08-17',NULL,1,'2021-08-31 10:25:17','2021-09-06 14:28:12'),(390,165,1,'692','23200','2021-08-02','2021-08-17',NULL,1,'2021-08-31 10:25:47','2021-09-06 14:28:27'),(391,162,1,'693','23200','2021-08-02','2021-09-01',NULL,1,'2021-08-31 10:26:18','2021-09-06 14:28:39'),(392,124,1,'2826','4125','2021-08-04','2021-09-03','DEL 01 AL 15 AGOSTO',0,'2021-08-31 10:26:29','2021-08-31 10:26:29'),(393,167,2,'694','23664','2021-08-02','2021-08-27',NULL,0,'2021-08-31 10:26:50','2021-09-21 08:11:50'),(394,101,1,'2827','9020','2021-08-04','2021-08-24','AGOSTO',0,'2021-08-31 10:27:03','2021-08-31 10:27:03'),(395,164,1,'695','25520','2021-08-02','2021-09-01',NULL,1,'2021-08-31 10:27:16','2021-09-07 18:17:06'),(396,130,2,'2828','38720','2021-08-04','2021-09-03','AGOSTO',0,'2021-08-31 10:27:26','2021-09-21 08:11:50'),(397,168,1,'696','26680','2021-08-02','2021-09-01',NULL,1,'2021-08-31 10:27:40','2021-09-06 14:28:53'),(398,104,1,'2830','9900','2021-08-04','2021-08-24','AGOSTO',0,'2021-08-31 10:27:53','2021-08-31 10:27:53'),(399,161,1,'697','55680','2021-08-03','2021-08-18',NULL,1,'2021-08-31 10:28:06','2021-09-06 14:29:05'),(400,129,1,'2831','10120','2021-08-04','2021-09-03','AGOSTO',0,'2021-08-31 10:28:27','2021-08-31 10:28:27'),(401,165,2,'698','24360','2021-08-03','2021-08-18',NULL,0,'2021-08-31 10:28:36','2021-09-21 08:11:50'),(402,136,1,'2832','9900','2021-08-04','2021-08-11','AGOSTO',0,'2021-08-31 10:28:50','2021-08-31 10:28:50'),(403,165,2,'699','12760','2021-08-03','2021-08-18',NULL,0,'2021-08-31 10:29:11','2021-09-21 08:11:50'),(404,93,1,'2833','10440','2021-08-04','2021-08-14','AGOSTO',0,'2021-08-31 10:29:18','2021-08-31 10:29:18'),(405,166,2,'700','11600','2021-08-17','2021-09-16',NULL,0,'2021-08-31 10:29:39','2021-09-21 08:11:50'),(406,113,2,'2834','10556','2021-08-04','2021-09-03','AGOSTO',0,'2021-08-31 10:29:44','2021-09-21 08:11:50'),(407,169,1,'701','25520','2021-08-17','2021-09-16',NULL,1,'2021-08-31 10:30:08','2021-09-06 14:29:22'),(408,103,1,'2836','9512','2021-08-04','2021-08-19','AGOSTO',0,'2021-08-31 10:30:13','2021-08-31 10:30:13'),(409,165,1,'702','23100','2021-08-25','2021-09-09',NULL,1,'2021-08-31 10:30:38','2021-09-06 14:29:37'),(410,165,1,'703','12100','2021-08-25','2021-09-09',NULL,1,'2021-08-31 10:31:08','2021-09-06 14:30:19'),(411,102,1,'2837','7980.78','2021-08-06','2021-08-26','AGOSTO',0,'2021-08-31 10:31:22','2021-08-31 10:31:22'),(412,135,2,'2839','5382.40','2021-08-07','2021-08-12','DEL 01 AL 08 AGOSTO',0,'2021-08-31 10:32:22','2021-09-21 08:11:50'),(413,87,2,'2840','29000','2021-08-07','2021-09-06','AGOSTO',0,'2021-08-31 10:32:47','2021-09-21 08:11:50'),(414,134,1,'2841','10208','2021-08-07','2021-09-06','AGOSTO',0,'2021-08-31 10:33:12','2021-08-31 10:33:12'),(415,100,1,'2842','9222','2021-08-07','2021-08-17','AGOSTO',0,'2021-08-31 10:33:43','2021-08-31 10:33:43'),(416,112,2,'2843','9280','2021-08-07','2021-08-27','AGOSTO',0,'2021-08-31 10:34:29','2021-09-21 08:11:50'),(417,89,1,'2844','9405.66','2021-08-11','2021-08-21','JULIO',0,'2021-08-31 10:42:31','2021-08-31 10:42:31'),(418,138,1,'2845','8250','2021-08-11','2021-08-26','AGOSTO',0,'2021-08-31 10:42:56','2021-08-31 10:42:56'),(419,95,1,'2846','20880','2021-08-11','2021-08-31','AGOSTO',0,'2021-08-31 10:43:19','2021-08-31 10:43:19'),(420,127,2,'2847','9900','2021-08-11','2021-08-21','AGOSTO',0,'2021-08-31 10:43:41','2021-09-21 08:11:50'),(421,144,1,'2848','4950','2021-08-13','2021-08-23','DEL 01 AL 15 AGOSTO',0,'2021-08-31 10:44:17','2021-08-31 10:44:17'),(422,124,1,'2849','4125','2021-08-17','2021-09-16','DEL 16 AL 31 AGOSTO',0,'2021-08-31 10:44:43','2021-08-31 10:44:43'),(423,121,2,'2850','58432.70','2021-08-17','2021-10-01','JULIO',0,'2021-08-31 10:45:08','2021-09-21 08:11:50'),(424,90,2,'2852','8120','2021-08-20','2021-08-30','AGOSTO',0,'2021-08-31 10:45:43','2021-09-21 08:11:50'),(425,140,1,'2854','9512','2021-08-20','2021-08-27','AGOSTO',0,'2021-08-31 10:46:15','2021-08-31 10:46:15'),(426,118,1,'2855','9460','2021-08-20','2021-08-25','AGOSTO',0,'2021-08-31 10:48:29','2021-08-31 10:48:29'),(427,120,2,'2856','10230','2021-08-20','2021-08-30','AGOSTO',0,'2021-08-31 10:48:55','2021-09-21 08:11:50'),(428,89,1,'2858','9130','2021-08-20','2021-08-30','AGOSTO',0,'2021-08-31 10:49:48','2021-08-31 10:49:48'),(429,92,2,'2861','73215.30','2021-08-27','2021-09-11','JULIO',0,'2021-08-31 10:55:35','2021-09-21 08:11:50'),(430,97,1,'2862','10092','2021-08-27','2021-09-03','AGOSTO',0,'2021-08-31 10:56:51','2021-08-31 10:56:51'),(431,106,2,'2863','9280','2021-08-27','2021-09-11','AGOSTO',0,'2021-08-31 10:57:45','2021-09-21 08:11:50'),(432,142,1,'2864','7700','2021-08-27','2021-09-01','AGOSTO',0,'2021-08-31 10:58:10','2021-08-31 10:58:10'),(433,147,2,'2865','12650','2021-08-27','2021-09-03','AGOSTO',0,'2021-08-31 10:58:37','2021-09-21 08:11:50'),(434,115,1,'2866','38360','2021-08-27','2021-09-06','AGOSTO',0,'2021-08-31 10:59:05','2021-08-31 10:59:05'),(435,94,2,'2867','8800','2021-08-27','2021-09-06','AGOSTO SUCURSAL LAZARO',0,'2021-08-31 10:59:52','2021-09-21 08:11:50'),(436,94,2,'2868','8800','2021-08-27','2021-09-06','AGOSTO SUC BELENES',0,'2021-08-31 11:00:24','2021-09-21 08:11:50'),(437,94,2,'2868','8800','2021-08-27','2021-09-06','AGOSTO SUC BELENES',0,'2021-08-31 11:00:56','2021-09-21 08:11:50'),(438,133,2,'2869','18040','2021-08-30','2021-09-06','DICIEMBRE 2020',0,'2021-08-31 11:01:35','2021-09-21 08:11:50'),(439,38,1,'3279','13920','2021-08-27','2021-09-03',NULL,1,'2021-08-31 12:59:21','2021-09-06 10:03:02'),(440,59,2,'3280','12180','2021-08-28','2021-09-27',NULL,0,'2021-08-31 13:00:10','2021-09-21 08:11:50'),(441,59,2,'3281','12180','2021-08-28','2021-09-27',NULL,0,'2021-08-31 13:00:54','2021-09-21 08:11:50'),(442,99,1,'2790','13920','2021-07-23','2021-07-23','MAYO Y JUNIO',0,'2021-08-31 13:05:48','2021-08-31 13:05:48'),(443,157,1,'2809','8250','2021-08-03','2021-09-02','AGOSTO',0,'2021-08-31 13:43:38','2021-08-31 13:43:38'),(444,159,1,'2817','8250','2021-08-03','2021-08-23','AGOSTO',0,'2021-08-31 13:46:47','2021-08-31 13:46:47'),(445,153,2,'2835','8584','2021-08-04','2021-09-03','AGOSTO',0,'2021-08-31 13:48:03','2021-09-21 08:11:50'),(446,153,1,'2835','8584','2021-08-04','2021-09-03','AGOSTO',0,'2021-08-31 13:48:21','2021-08-31 13:48:21'),(447,160,1,'2838','60335.46','2021-08-07','2021-09-21','JULIO',0,'2021-08-31 13:49:18','2021-08-31 13:49:18'),(448,158,1,'2853','9280','2021-08-20','2021-08-30','AGOSTO',0,'2021-08-31 14:25:51','2021-08-31 14:25:51'),(449,174,2,'1000','10000','2021-09-02','2021-11-01','Test',0,'2021-09-02 02:14:00','2021-09-21 08:11:50'),(451,169,1,'658','11754.66','2021-06-01','2021-07-01','may-21',1,'2021-06-01 00:00:00','2021-09-06 14:30:38'),(452,169,1,'659','62640','2021-06-01','2021-07-01','may-21',1,'2021-06-01 00:00:00','2021-09-06 14:31:05'),(453,169,1,'660','12180','2021-06-01','2021-07-01','may-21',1,'2021-06-01 00:00:00','2021-09-06 14:31:19'),(454,169,1,'661','12180','2021-06-01','2021-07-01','may-21',1,'2021-06-01 00:00:00','2021-09-06 14:31:31'),(455,169,1,'672','12180','2021-07-01','2021-07-31','jun-21',1,'2021-07-01 00:00:00','2021-09-06 14:32:17'),(456,169,1,'673','62640','2021-07-01','2021-07-31','jun-21',1,'2021-07-01 00:00:00','2021-09-06 14:32:30'),(457,169,1,'674','12180','2021-07-01','2021-07-31','jun-21',1,'2021-07-01 00:00:00','2021-09-06 14:32:41'),(458,169,1,'675','12180','2021-07-01','2021-07-31','jun-21',1,'2021-07-01 00:00:00','2021-09-06 14:32:53'),(459,169,1,'676','12180','2021-07-01','2021-07-31','jun-21',1,'2021-07-01 00:00:00','2021-09-06 14:33:04'),(460,169,1,'662','12180','2021-06-01','2021-07-01','may-21',1,'2021-06-01 00:00:00','2021-09-06 14:33:22'),(461,51,4,'1998','425.33','2020-10-28','2020-11-27',NULL,0,'2020-10-28 00:00:00','2021-09-21 08:11:50'),(462,51,4,'2425','12644','2021-01-27','2021-02-26',NULL,0,'2021-01-27 00:00:00','2021-09-21 08:11:50'),(463,51,4,'2427','24023.60','2021-01-27','2021-02-26',NULL,0,'2021-01-27 00:00:00','2021-09-21 08:11:50'),(464,51,3,'3069','3402.70','2021-06-20','2021-07-20',NULL,0,'2021-07-20 00:00:00','2021-09-21 08:11:50'),(465,59,2,'3282','12180','2021-09-03','2021-10-03','MES DE JULIO',0,'2021-09-06 09:31:07','2021-09-21 08:11:50'),(466,59,2,'3283','12180','2021-09-03','2021-10-03','MES DE AGOSTO',0,'2021-09-06 09:31:34','2021-09-21 08:11:50'),(467,55,1,'3284','14500','2021-09-03','2021-10-03',NULL,1,'2021-09-06 09:32:00','2021-09-08 13:08:20'),(468,30,2,'3285','31662.20','2021-09-03','2021-10-03',NULL,0,'2021-09-06 09:32:25','2021-09-21 08:11:50'),(469,68,2,'3286','27840','2021-09-03','2021-09-18',NULL,0,'2021-09-06 09:32:55','2021-09-21 08:11:50'),(470,68,2,'3287','17980','2021-09-03','2021-09-18','MES DE AGOSTO',0,'2021-09-06 09:33:27','2021-09-21 08:11:50'),(471,63,1,'3288','13920','2021-09-03','2021-09-10',NULL,1,'2021-09-06 09:33:49','2021-09-17 12:20:07'),(472,42,1,'3289','14778.30','2021-09-03','2021-09-23',NULL,1,'2021-09-06 09:34:13','2021-09-13 15:48:44'),(473,72,2,'3290','150336','2021-09-03','2021-10-13',NULL,0,'2021-09-06 09:34:42','2021-09-21 08:11:50'),(474,27,2,'3291','22362.48','2021-09-03','2021-10-18',NULL,0,'2021-09-06 09:35:08','2021-09-21 08:11:50'),(475,5,2,'3292','12760','2021-09-03','2021-09-23',NULL,0,'2021-09-06 09:35:33','2021-09-21 08:11:51'),(476,70,2,'3293','23200','2021-09-03','2021-10-18',NULL,0,'2021-09-06 09:35:57','2021-09-21 08:11:51'),(477,17,2,'3294','25520','2021-09-03','2021-09-13',NULL,0,'2021-09-06 09:36:16','2021-09-21 08:11:51'),(478,14,2,'3295','12760','2021-09-03','2021-09-10',NULL,0,'2021-09-06 09:36:38','2021-09-21 08:11:51'),(479,48,2,'3296','12760','2021-09-03','2021-10-03',NULL,0,'2021-09-06 09:37:00','2021-09-21 08:11:51'),(480,10,1,'3297','27840','2021-09-03','2021-09-23',NULL,1,'2021-09-06 09:37:32','2021-09-17 12:18:12'),(481,39,2,'3298','532672','2021-09-03','2021-10-03',NULL,0,'2021-09-06 09:38:21','2021-09-21 08:11:51'),(482,61,1,'3299','13340','2021-09-03','2021-09-10',NULL,1,'2021-09-06 09:38:51','2021-09-10 13:52:00'),(483,61,1,'3300','13340','2021-09-03','2021-09-10',NULL,1,'2021-09-06 09:39:14','2021-09-10 13:52:19'),(484,61,1,'3301','13340','2021-09-03','2021-09-10',NULL,1,'2021-09-06 09:39:34','2021-09-10 13:52:40'),(485,52,1,'3302','6960','2021-09-03','2021-09-13',NULL,1,'2021-09-06 09:40:35','2021-09-08 13:07:55'),(486,179,1,'3303','60320','2021-09-03','2021-09-23',NULL,1,'2021-09-06 09:43:36','2021-09-10 13:51:35'),(487,1,1,'3304','60320','2021-09-04','2021-09-11',NULL,1,'2021-09-06 09:44:04','2021-09-13 15:47:14'),(488,25,1,'3305','13920','2021-09-04','2021-09-26',NULL,1,'2021-09-06 09:44:26','2021-09-09 14:35:34'),(489,40,2,'3306','39672','2021-09-04','2021-09-11',NULL,0,'2021-09-06 09:44:58','2021-09-21 08:11:51'),(490,40,2,'3307','26448','2021-09-04','2021-09-11',NULL,0,'2021-09-06 09:45:23','2021-09-21 08:11:51'),(491,40,2,'3308','66120','2021-09-04','2021-09-11',NULL,0,'2021-09-06 09:45:42','2021-09-21 08:11:51'),(492,6,2,'3309','27840','2021-09-04','2021-10-04',NULL,0,'2021-09-06 09:46:03','2021-09-21 08:11:51'),(493,2,2,'3310','105328','2021-09-04','2021-10-14',NULL,0,'2021-09-06 09:46:35','2021-09-21 08:11:51'),(494,36,2,'3311','52974.97','2021-09-04','2021-09-14',NULL,0,'2021-09-06 09:47:29','2021-09-21 08:11:51'),(495,28,1,'3312','7737.50','2021-09-04','2021-09-14',NULL,1,'2021-09-06 09:47:59','2021-09-06 11:20:32'),(496,33,1,'3313','20487.51','2021-09-04','2021-09-14',NULL,1,'2021-09-06 09:48:30','2021-09-08 13:08:42'),(497,160,2,'2851','6264','2021-08-20','2021-10-04','CORRESPONDE MAYO JUNIO Y JULIO',0,'2021-09-06 11:15:43','2021-09-21 08:11:51'),(499,169,2,'704','12180','2021-09-01','2021-10-01',NULL,0,'2021-09-06 12:12:08','2021-09-21 08:11:51'),(500,169,2,'705','62640','2021-09-01','2021-10-01',NULL,0,'2021-09-06 12:12:33','2021-09-21 08:11:51'),(501,169,2,'706','12180','2021-09-01','2021-10-01',NULL,0,'2021-09-06 12:12:58','2021-09-21 08:11:51'),(502,169,2,'707','12180','2021-09-01','2021-10-01',NULL,0,'2021-09-06 12:13:19','2021-09-21 08:11:51'),(503,169,2,'708','12180','2021-09-01','2021-10-01',NULL,0,'2021-09-06 12:13:40','2021-09-21 08:11:51'),(504,163,2,'709','31320','2021-09-01','2021-09-16',NULL,0,'2021-09-06 12:14:04','2021-09-21 08:11:51'),(505,165,2,'710','22000','2021-09-01','2021-09-16',NULL,0,'2021-09-06 12:14:27','2021-09-21 08:11:51'),(506,165,2,'711','23200','2021-09-01','2021-09-16',NULL,0,'2021-09-06 12:14:49','2021-09-21 08:11:51'),(507,165,2,'712','24360','2021-09-01','2021-09-16',NULL,0,'2021-09-06 12:15:10','2021-09-21 08:11:51'),(508,165,2,'713','12760','2021-09-01','2021-09-16',NULL,0,'2021-09-06 12:15:37','2021-09-21 08:11:51'),(509,162,2,'714','23200','2021-09-01','2021-10-01',NULL,0,'2021-09-06 12:15:57','2021-09-21 08:11:51'),(510,167,2,'715','23664','2021-09-01','2021-09-26',NULL,0,'2021-09-06 12:16:23','2021-09-21 08:11:51'),(511,164,1,'716','25520','2021-09-01','2021-10-01',NULL,1,'2021-09-06 12:16:44','2021-09-07 18:17:23'),(512,168,2,'717','26680','2021-09-01','2021-10-01',NULL,0,'2021-09-06 12:17:09','2021-09-21 08:11:51'),(513,161,1,'718','55680','2021-09-01','2021-09-16',NULL,1,'2021-09-06 12:17:30','2021-09-06 14:34:26'),(514,124,2,'2870','4350','2021-09-02','2021-10-02','DEL 01 AL 15 SEPTIEMBRE',0,'2021-09-07 12:11:35','2021-09-21 08:11:51'),(515,131,2,'2871','6960','2021-09-02','2021-09-17','JULIO 2021',0,'2021-09-07 12:12:09','2021-09-21 08:11:51'),(516,132,2,'2875','9280','2021-09-02','2021-09-27','SEPTIEMBRE 2021',0,'2021-09-07 12:12:41','2021-09-21 08:11:51'),(517,132,2,'2876','48720','2021-09-02','2021-09-27','SEPTIEMBRE 2021',0,'2021-09-07 12:13:47','2021-09-21 08:11:51'),(518,133,2,'2877','19836','2021-09-02','2021-09-09','SEPTIEMBRE 2021',0,'2021-09-07 12:14:33','2021-09-21 08:11:51'),(519,133,2,'2878','9860','2021-09-02','2021-09-09','SEPTIEMBRE 2021',0,'2021-09-07 12:15:27','2021-09-21 08:11:51'),(520,123,2,'2879','9048','2021-09-02','2021-09-09','SEPTIEMBRE 2021',0,'2021-09-07 12:16:04','2021-09-21 08:11:51'),(521,122,2,'2880','20880','2021-09-02','2021-10-02','SEPTIEMBRE 2021',0,'2021-09-07 12:17:15','2021-09-21 08:11:51'),(522,146,2,'2882','9048','2021-09-02','2021-10-02','SEPTIEMBRE 2021',0,'2021-09-07 12:25:39','2021-09-21 08:11:51'),(523,110,1,'2883','9628','2021-09-02','2021-09-22','SEPTIEMBRE 2021',0,'2021-09-07 12:26:22','2021-09-07 12:26:22'),(524,102,1,'2884','9976','2021-09-02','2021-09-22','SEPTIEMBRE 2021',0,'2021-09-07 12:26:52','2021-09-07 12:26:52'),(525,98,1,'2885','9744','2021-09-02','2021-09-22','SEPTIEMBRE 2021',0,'2021-09-07 12:27:28','2021-09-07 12:27:28'),(526,145,2,'2886','39440','2021-09-02','2021-09-07','SEPTIEMBRE 2021',0,'2021-09-07 12:27:57','2021-09-21 08:11:51'),(527,105,1,'2888','10092','2021-09-02','2021-09-22','SEPTIEMBRE 2021',0,'2021-09-07 12:28:26','2021-09-07 12:28:26'),(528,114,2,'2889','10208','2021-09-02','2021-10-07','SEPTIEMBRE 2021',0,'2021-09-07 12:28:57','2021-09-21 08:11:51'),(529,139,2,'2890','10440','2021-09-02','2021-09-09','SEPTIEMBRE 2021',0,'2021-09-07 12:29:20','2021-09-21 08:11:51'),(530,88,1,'2891','9976','2021-09-02','2021-09-22','SEPTIEMBRE 2021',0,'2021-09-07 12:29:46','2021-09-07 12:29:46'),(531,119,2,'2892','10440','2021-09-02','2021-10-02','SEPTIEMBRE 2021',0,'2021-09-07 12:30:24','2021-09-21 08:11:51'),(532,107,1,'2893','30740.02','2021-09-02','2021-09-22','SEPTIEMBRE 2021',0,'2021-09-07 12:31:01','2021-09-07 12:31:01'),(533,126,1,'2894','9628','2021-09-02','2021-09-22','SEPTIEMBRE 2021',0,'2021-09-07 12:31:26','2021-09-07 12:31:26'),(534,101,1,'2895','9512','2021-09-02','2021-09-22','SEPTIEMBRE 2021',0,'2021-09-07 12:31:56','2021-09-07 12:31:56'),(535,104,1,'2896','10440','2021-09-02','2021-09-22','SEPTIEMBRE 2021',0,'2021-09-07 12:32:18','2021-09-07 12:32:18'),(536,129,2,'2897','10672','2021-09-02','2021-10-02','SEPTIEMBRE 2021',0,'2021-09-07 12:32:45','2021-09-21 08:11:51'),(537,136,1,'2898','10440','2021-09-02','2021-09-09','SEPTIEMBRE 2021',0,'2021-09-07 12:33:10','2021-09-07 12:33:10'),(538,93,2,'2899','10440','2021-09-02','2021-09-12','SEPTIEMBRE 2021',0,'2021-09-07 12:33:40','2021-09-21 08:11:51'),(539,113,2,'2900','10556','2021-09-02','2021-10-02','SEPTIEMBRE 2021',0,'2021-09-07 12:34:09','2021-09-21 08:11:51'),(540,177,1,'2901','12528','2021-09-02','2021-09-10','DEL 26 AL 31 JULIO 2021 Y AGOSTO 202',0,'2021-09-07 12:34:30','2021-09-07 12:35:06'),(541,117,2,'2903','18935.06','2021-09-04','2021-09-14','AGOSTO 2021',0,'2021-09-07 12:35:56','2021-09-21 08:11:51'),(542,180,2,'2902','11020','2021-09-02','2021-09-27','SEPTIEMBRE 2021',0,'2021-09-07 12:43:32','2021-09-21 08:11:51'),(543,118,1,'2787','9460','2021-07-20','2021-07-25','JULIO 2021',0,'2021-09-07 12:55:28','2021-09-07 12:55:28'),(544,153,2,'2881','8584','2021-09-02','2021-10-02','SEPTIEMBRE 2021',0,'2021-09-07 13:01:54','2021-09-21 08:11:51'),(545,159,1,'2887','8700','2021-09-02','2021-09-22','SEPTIEMBRE 2021',0,'2021-09-07 13:02:46','2021-09-07 13:02:46'),(546,39,2,'3314','12992','2021-09-06','2021-10-06',NULL,0,'2021-09-07 17:05:45','2021-09-21 08:11:51'),(547,58,2,'3315','25984','2021-09-06','2021-09-26',NULL,0,'2021-09-07 17:06:12','2021-09-21 08:11:51'),(548,35,1,'3316','28536','2021-09-06','2021-09-26',NULL,1,'2021-09-07 17:06:45','2021-09-13 15:48:08'),(549,35,1,'3317','42804','2021-09-06','2021-09-26',NULL,1,'2021-09-07 17:07:18','2021-09-13 15:48:25'),(550,46,2,'3318','29000','2021-09-06','2021-10-01',NULL,0,'2021-09-07 17:07:49','2021-09-21 08:11:51'),(551,4,1,'3319','25520','2021-09-06','2021-09-26',NULL,1,'2021-09-07 17:08:20','2021-09-08 13:09:07'),(552,66,2,'3320','26680','2021-09-06','2021-09-26',NULL,0,'2021-09-07 17:08:48','2021-09-21 08:11:51'),(553,16,2,'3322','13920','2021-09-06','2021-09-26',NULL,0,'2021-09-07 17:09:13','2021-09-21 08:11:51'),(554,86,1,'3323','29000','2021-09-06','2021-09-26',NULL,1,'2021-09-07 17:09:42','2021-09-17 12:18:30'),(555,54,2,'3324','20865.38','2021-09-06','2021-09-26',NULL,0,'2021-09-07 17:10:14','2021-09-21 08:11:51'),(556,50,1,'3325','15660','2021-09-06','2021-09-21',NULL,1,'2021-09-07 17:10:51','2021-09-17 12:19:04'),(557,29,1,'3326','12180','2021-09-06','2021-09-13',NULL,1,'2021-09-07 17:11:16','2021-09-09 14:35:04'),(558,31,2,'3327','27840','2021-09-06','2021-09-26',NULL,0,'2021-09-07 17:11:43','2021-09-21 08:11:51'),(559,20,2,'3328','29000','2021-09-06','2021-10-06',NULL,0,'2021-09-07 17:12:11','2021-09-21 08:11:51'),(560,71,1,'3329','17400','2021-09-06','2021-10-06',NULL,1,'2021-09-07 17:12:38','2021-09-17 12:18:48'),(561,13,1,'3330','15312','2021-09-07','2021-09-27',NULL,1,'2021-09-07 17:13:08','2021-09-17 12:20:26'),(562,69,2,'3331','42804','2021-09-07','2021-10-07',NULL,0,'2021-09-07 17:13:37','2021-09-21 08:11:51'),(563,7,1,'3332','13920','2021-09-07','2021-09-14',NULL,1,'2021-09-07 17:14:12','2021-09-08 13:07:37'),(564,9,1,'3333','26680','2021-09-07','2021-09-22',NULL,0,'2021-09-07 17:14:41','2021-09-07 17:14:41'),(565,9,1,'3334','26680','2021-09-07','2021-09-22',NULL,0,'2021-09-07 17:15:07','2021-09-07 17:15:07'),(566,26,1,'3335','15080','2021-09-07','2021-09-17',NULL,1,'2021-09-07 17:15:34','2021-09-17 12:19:24'),(567,11,2,'3336','36424','2021-09-07','2021-10-07',NULL,0,'2021-09-07 17:16:02','2021-09-21 08:11:51'),(568,45,2,'3337','58000','2021-09-07','2021-10-07',NULL,0,'2021-09-07 17:16:27','2021-09-21 08:11:51'),(569,172,2,'3338','15080','2021-09-07','2021-11-06',NULL,0,'2021-09-07 17:16:50','2021-09-21 08:11:51'),(570,64,1,'3339','8700','2021-09-07','2021-09-22',NULL,0,'2021-09-07 17:17:11','2021-09-07 17:17:11'),(571,8,1,'3340','13920','2021-09-07','2021-09-22',NULL,0,'2021-09-07 17:17:34','2021-09-07 17:17:34'),(572,32,1,'3341','14094','2021-09-07','2021-09-22',NULL,0,'2021-09-07 17:17:55','2021-09-07 17:17:55'),(573,32,1,'3342','14094','2021-09-07','2021-09-22',NULL,0,'2021-09-07 17:18:21','2021-09-07 17:18:21'),(574,32,1,'3343','14094','2021-09-07','2021-09-22',NULL,0,'2021-09-07 17:18:52','2021-09-07 17:18:52'),(575,32,1,'3344','14094','2021-09-07','2021-09-22',NULL,0,'2021-09-07 17:19:15','2021-09-07 17:19:15'),(576,32,1,'3345','14094','2021-09-07','2021-09-22',NULL,0,'2021-09-07 17:19:42','2021-09-07 17:19:42'),(577,49,2,'3346','487.20','2021-09-07','2021-10-07',NULL,0,'2021-09-07 17:20:05','2021-09-21 08:11:51'),(578,41,2,'3347','435','2021-09-07','2021-10-07',NULL,0,'2021-09-07 17:20:28','2021-09-21 08:11:51'),(579,47,1,'3348','93960','2021-09-07','2021-09-22',NULL,0,'2021-09-07 17:20:53','2021-09-07 17:20:53'),(580,59,1,'3349','11252','2021-09-07','2021-10-07',NULL,1,'2021-09-07 17:21:15','2021-09-17 12:21:12'),(581,59,1,'3350','11252','2021-09-07','2021-10-07',NULL,1,'2021-09-07 17:21:34','2021-09-17 12:21:30'),(582,59,1,'3351','11252','2021-09-07','2021-10-07',NULL,1,'2021-09-07 17:21:55','2021-09-17 12:21:48'),(583,59,1,'3352','13456','2021-09-07','2021-10-07',NULL,1,'2021-09-07 17:22:19','2021-09-17 12:22:17'),(584,59,1,'3353','13456','2021-09-07','2021-10-07',NULL,1,'2021-09-07 17:22:42','2021-09-17 12:22:41'),(585,67,2,'3354','29000','2021-09-07','2021-09-14',NULL,0,'2021-09-07 17:23:02','2021-09-21 08:11:51'),(586,19,2,'3355','30160','2021-09-07','2021-10-02',NULL,0,'2021-09-07 17:23:32','2021-09-21 08:11:51'),(587,44,1,'3356','7540','2021-09-07','2021-09-22',NULL,0,'2021-09-07 17:23:52','2021-09-07 17:23:52'),(588,182,2,'3357','28420','2021-09-07','2021-11-06',NULL,0,'2021-09-07 17:25:44','2021-09-21 08:11:51'),(589,116,1,'2873','31320','2021-09-02','2021-09-22','AGOSTO 2021',0,'2021-09-08 11:54:43','2021-09-08 11:54:43'),(590,91,2,'2874','6960','2021-09-02','2021-09-09','JULIO 2021',0,'2021-09-08 11:56:57','2021-09-21 08:11:51'),(591,183,2,'2904','29000','2021-09-07','2021-10-07','SEPTIEMBRE 2021',0,'2021-09-10 11:07:07','2021-09-21 08:11:51'),(592,134,2,'2905','10208','2021-09-07','2021-10-07','SEPTIEMBRE 2021',0,'2021-09-10 11:07:37','2021-09-21 08:11:51'),(593,100,2,'2906','9222','2021-09-07','2021-09-17','SEPTIEMBRE 2021',0,'2021-09-10 11:08:13','2021-09-21 08:11:51'),(594,112,2,'2907','9280','2021-09-07','2021-09-27','SEPTIEMBRE 2021',0,'2021-09-10 11:09:14','2021-09-21 08:11:51'),(596,103,2,'2908','9512','2021-09-09','2021-09-24','SEPTIEMBRE DEL 2021',0,'2021-09-10 11:18:16','2021-09-21 08:11:51'),(597,160,2,'2909','47652.80','2021-09-09','2021-10-24','AGOSTO 2021',0,'2021-09-10 13:39:42','2021-09-21 08:11:51'),(598,170,2,'3321','29000','2021-09-10','2021-09-17',NULL,0,'2021-09-13 15:30:36','2021-09-23 02:56:42');

/*Table structure for table `historial` */

DROP TABLE IF EXISTS `historial`;

CREATE TABLE `historial` (
  `id` int(11) NOT NULL AUTO_INCREMENT,
  `cliente_id` int(11) NOT NULL,
  `historiable_id` int(11) NOT NULL,
  `historiable_type` varchar(50) NOT NULL,
  `fecha` datetime NOT NULL,
  `status` tinyint(4) NOT NULL DEFAULT 1 COMMENT '0 = inhabilitado, 1 = activo',
  `created_at` datetime DEFAULT NULL,
  `updated_at` datetime DEFAULT NULL,
  PRIMARY KEY (`id`),
  KEY `cliente_id` (`cliente_id`),
  CONSTRAINT `historial_ibfk_1` FOREIGN KEY (`cliente_id`) REFERENCES `clientes` (`id`) ON DELETE CASCADE ON UPDATE CASCADE
) ENGINE=InnoDB AUTO_INCREMENT=916 DEFAULT CHARSET=utf8mb4;

/*Data for the table `historial` */

insert  into `historial`(`id`,`cliente_id`,`historiable_id`,`historiable_type`,`fecha`,`status`,`created_at`,`updated_at`) values (11,167,249,'App\\Factura','2021-07-01 00:00:00',1,'2021-08-30 13:18:54','2021-08-30 13:18:54'),(12,167,248,'App\\Factura','2021-06-01 00:00:00',1,'2021-08-30 13:18:54','2021-08-30 13:18:54'),(13,167,247,'App\\Factura','2021-05-07 00:00:00',1,'2021-08-30 13:18:54','2021-08-30 13:18:54'),(14,166,246,'App\\Factura','2021-07-06 00:00:00',1,'2021-08-30 13:18:54','2021-09-06 12:18:35'),(15,166,245,'App\\Factura','2021-09-09 00:00:00',1,'2021-08-30 13:18:54','2021-09-06 12:18:20'),(16,166,244,'App\\Factura','2021-04-16 00:00:00',1,'2021-08-30 13:18:54','2021-09-06 12:18:03'),(17,151,243,'App\\Factura','2020-02-04 00:00:00',1,'2021-08-30 13:18:54','2021-08-30 13:18:54'),(18,150,242,'App\\Factura','2020-03-03 00:00:00',1,'2021-08-30 13:18:54','2021-08-30 13:18:54'),(19,150,241,'App\\Factura','2020-02-14 00:00:00',1,'2021-08-30 13:18:54','2021-08-30 13:18:54'),(20,150,240,'App\\Factura','2020-02-06 00:00:00',1,'2021-08-30 13:18:54','2021-08-30 13:18:54'),(21,150,239,'App\\Factura','2020-01-04 00:00:00',1,'2021-08-30 13:18:54','2021-08-30 13:18:54'),(22,150,238,'App\\Factura','2020-01-03 00:00:00',1,'2021-08-30 13:18:54','2021-08-30 13:18:54'),(23,150,237,'App\\Factura','2020-01-03 00:00:00',1,'2021-08-30 13:18:54','2021-08-30 13:18:54'),(24,150,236,'App\\Factura','2019-12-02 00:00:00',1,'2021-08-30 13:18:54','2021-08-30 13:18:54'),(25,150,235,'App\\Factura','2019-12-02 00:00:00',1,'2021-08-30 13:18:54','2021-08-30 13:18:54'),(26,150,234,'App\\Factura','2019-12-02 00:00:00',1,'2021-08-30 13:18:54','2021-08-30 13:18:54'),(27,150,233,'App\\Factura','2019-11-06 00:00:00',1,'2021-08-30 13:18:54','2021-08-30 13:18:54'),(28,149,232,'App\\Factura','2020-01-04 00:00:00',1,'2021-08-30 13:18:54','2021-08-30 13:18:54'),(29,149,231,'App\\Factura','2019-01-02 00:00:00',1,'2021-08-30 13:18:54','2021-08-30 13:18:54'),(30,156,230,'App\\Factura','2020-02-17 00:00:00',1,'2021-08-30 13:18:54','2021-08-30 13:18:54'),(31,155,229,'App\\Factura','2020-02-25 00:00:00',1,'2021-08-30 13:18:54','2021-08-30 13:18:54'),(32,155,228,'App\\Factura','2020-02-07 00:00:00',1,'2021-08-30 13:18:54','2021-08-30 13:18:54'),(33,154,227,'App\\Factura','2019-09-04 00:00:00',1,'2021-08-30 13:18:54','2021-08-30 13:18:54'),(34,158,226,'App\\Factura','2021-05-27 00:00:00',1,'2021-08-30 13:18:54','2021-08-30 13:18:54'),(35,147,225,'App\\Factura','2021-07-27 00:00:00',1,'2021-08-30 13:18:54','2021-08-30 13:18:54'),(36,145,224,'App\\Factura','2021-07-05 00:00:00',1,'2021-08-30 13:18:54','2021-08-30 13:18:54'),(37,145,223,'App\\Factura','2021-06-01 00:00:00',1,'2021-08-30 13:18:54','2021-08-30 13:18:54'),(38,145,222,'App\\Factura','2021-05-07 00:00:00',1,'2021-08-30 13:18:54','2021-08-30 13:18:54'),(39,141,221,'App\\Factura','2020-12-02 00:00:00',1,'2021-08-30 13:18:54','2021-08-30 13:18:54'),(40,142,220,'App\\Factura','2021-07-27 00:00:00',1,'2021-08-30 13:18:54','2021-08-30 13:18:54'),(41,137,219,'App\\Factura','2021-05-06 00:00:00',1,'2021-08-30 13:18:54','2021-08-30 13:18:54'),(42,138,218,'App\\Factura','2021-05-11 00:00:00',1,'2021-08-30 13:18:54','2021-08-30 13:18:54'),(43,136,217,'App\\Factura','2021-06-16 00:00:00',1,'2021-08-30 13:18:54','2021-08-30 13:18:54'),(44,135,216,'App\\Factura','2021-07-05 00:00:00',1,'2021-08-30 13:18:54','2021-08-30 13:18:54'),(45,135,215,'App\\Factura','2021-06-01 00:00:00',1,'2021-08-30 13:18:54','2021-08-30 13:18:54'),(46,133,214,'App\\Factura','2021-06-01 00:00:00',1,'2021-08-30 13:18:54','2021-08-30 13:18:54'),(47,132,213,'App\\Factura','2021-07-05 00:00:00',1,'2021-08-30 13:18:54','2021-08-30 13:18:54'),(48,128,212,'App\\Factura','2020-02-19 00:00:00',1,'2021-08-30 13:18:54','2021-08-30 13:18:54'),(49,130,211,'App\\Factura','2021-07-06 00:00:00',1,'2021-08-30 13:18:54','2021-08-30 13:18:54'),(50,130,210,'App\\Factura','2021-06-01 00:00:00',1,'2021-08-30 13:18:54','2021-08-30 13:18:54'),(51,129,209,'App\\Factura','2021-06-08 00:00:00',1,'2021-08-30 13:18:54','2021-08-30 13:18:54'),(52,126,208,'App\\Factura','2021-06-01 00:00:00',1,'2021-08-30 13:18:54','2021-08-30 13:18:54'),(53,125,207,'App\\Factura','2021-01-07 00:00:00',1,'2021-08-30 13:18:54','2021-08-30 13:18:54'),(54,122,206,'App\\Factura','2021-07-05 00:00:00',1,'2021-08-30 13:18:54','2021-08-30 13:18:54'),(55,121,205,'App\\Factura','2021-07-27 00:00:00',1,'2021-08-30 13:18:54','2021-08-30 13:18:54'),(56,121,204,'App\\Factura','2021-06-18 00:00:00',1,'2021-08-30 13:18:54','2021-08-30 13:18:54'),(57,119,203,'App\\Factura','2021-07-06 00:00:00',1,'2021-08-30 13:18:54','2021-08-30 13:18:54'),(58,114,202,'App\\Factura','2021-05-07 00:00:00',1,'2021-08-30 13:18:54','2021-08-30 13:18:54'),(59,112,201,'App\\Factura','2021-05-07 00:00:00',1,'2021-08-30 13:18:54','2021-08-30 13:18:54'),(60,111,200,'App\\Factura','2021-07-06 00:00:00',1,'2021-08-30 13:18:54','2021-08-30 13:18:54'),(61,110,199,'App\\Factura','2021-07-05 00:00:00',1,'2021-08-30 13:18:54','2021-08-30 13:18:54'),(62,110,198,'App\\Factura','2021-05-07 00:00:00',1,'2021-08-30 13:18:54','2021-08-30 13:18:54'),(63,108,197,'App\\Factura','2021-03-09 00:00:00',1,'2021-08-30 13:18:54','2021-08-30 13:18:54'),(64,108,196,'App\\Factura','2021-03-09 00:00:00',1,'2021-08-30 13:18:54','2021-08-30 13:18:54'),(65,107,195,'App\\Factura','2021-07-06 00:00:00',1,'2021-08-30 13:18:54','2021-08-30 13:18:54'),(66,106,194,'App\\Factura','2021-07-27 00:00:00',1,'2021-08-30 13:18:54','2021-08-30 13:18:54'),(67,106,193,'App\\Factura','2021-06-25 00:00:00',1,'2021-08-30 13:18:54','2021-08-30 13:18:54'),(68,104,192,'App\\Factura','2021-07-06 00:00:00',1,'2021-08-30 13:18:54','2021-08-30 13:18:54'),(69,81,191,'App\\Factura','2021-07-23 00:00:00',1,'2021-08-30 13:18:54','2021-08-30 13:18:54'),(70,98,190,'App\\Factura','2021-07-05 00:00:00',1,'2021-08-30 13:18:54','2021-08-30 13:18:54'),(71,98,189,'App\\Factura','2021-06-01 00:00:00',1,'2021-08-30 13:18:54','2021-08-30 13:18:54'),(72,97,188,'App\\Factura','2021-07-27 00:00:00',1,'2021-08-30 13:18:54','2021-08-30 13:18:54'),(73,94,187,'App\\Factura','2021-07-27 00:00:00',1,'2021-08-30 13:18:54','2021-08-30 13:18:54'),(74,94,186,'App\\Factura','2021-07-27 00:00:00',1,'2021-08-30 13:18:54','2021-08-30 13:18:54'),(75,92,185,'App\\Factura','2021-07-08 00:00:00',1,'2021-08-30 13:18:54','2021-08-30 13:18:54'),(76,92,184,'App\\Factura','2021-06-02 00:00:00',1,'2021-08-30 13:18:54','2021-08-30 13:18:54'),(77,90,183,'App\\Factura','2021-07-20 00:00:00',1,'2021-08-30 13:18:54','2021-08-30 13:18:54'),(78,89,182,'App\\Factura','2021-07-27 00:00:00',1,'2021-08-30 13:18:54','2021-08-30 13:18:54'),(79,148,181,'App\\Factura','2021-06-03 00:00:00',1,'2021-08-30 13:18:54','2021-08-30 13:18:54'),(80,73,180,'App\\Factura','2021-07-02 00:00:00',1,'2021-08-30 13:18:54','2021-08-30 13:18:54'),(81,73,179,'App\\Factura','2021-07-02 00:00:00',1,'2021-08-30 13:18:54','2021-08-30 13:18:54'),(82,72,178,'App\\Factura','2021-07-01 00:00:00',1,'2021-08-30 13:18:54','2021-09-07 18:52:14'),(84,70,176,'App\\Factura','2021-07-01 00:00:00',1,'2021-08-30 13:18:54','2021-09-07 18:51:49'),(85,83,175,'App\\Factura','2020-01-06 00:00:00',1,'2021-08-30 13:18:54','2021-08-30 13:18:54'),(86,83,174,'App\\Factura','2019-12-02 00:00:00',1,'2021-08-30 13:18:54','2021-08-30 13:18:54'),(87,67,173,'App\\Factura','2021-07-07 00:00:00',1,'2021-08-30 13:18:54','2021-09-06 11:17:22'),(88,67,172,'App\\Factura','2021-06-09 00:00:00',1,'2021-08-30 13:18:54','2021-09-06 11:16:58'),(89,63,171,'App\\Factura','2021-05-11 00:00:00',1,'2021-08-30 13:18:54','2021-08-30 13:18:54'),(90,65,170,'App\\Factura','2021-07-01 00:00:00',1,'2021-08-30 13:18:54','2021-09-07 18:51:16'),(91,66,169,'App\\Factura','2021-07-02 00:00:00',1,'2021-08-30 13:18:54','2021-09-07 18:50:51'),(92,84,168,'App\\Factura','2021-03-01 00:00:00',1,'2021-08-30 13:18:54','2021-08-30 13:18:54'),(93,84,167,'App\\Factura','2021-03-01 00:00:00',1,'2021-08-30 13:18:54','2021-08-30 13:18:54'),(94,84,166,'App\\Factura','2021-02-01 00:00:00',1,'2021-08-30 13:18:54','2021-08-30 13:18:54'),(95,84,165,'App\\Factura','2021-02-01 00:00:00',1,'2021-08-30 13:18:54','2021-08-30 13:18:54'),(96,84,164,'App\\Factura','2021-01-01 00:00:00',1,'2021-08-30 13:18:54','2021-08-30 13:18:54'),(97,84,163,'App\\Factura','2021-01-01 00:00:00',1,'2021-08-30 13:18:54','2021-08-30 13:18:54'),(98,84,162,'App\\Factura','2020-12-01 00:00:00',1,'2021-08-30 13:18:54','2021-08-30 13:18:54'),(99,84,161,'App\\Factura','2020-12-01 00:00:00',1,'2021-08-30 13:18:54','2021-08-30 13:18:54'),(100,84,160,'App\\Factura','2020-11-01 00:00:00',1,'2021-08-30 13:18:54','2021-08-30 13:18:54'),(101,64,159,'App\\Factura','2021-07-16 00:00:00',1,'2021-08-30 13:18:54','2021-09-07 18:50:17'),(102,64,158,'App\\Factura','2021-05-11 00:00:00',1,'2021-08-30 13:18:54','2021-08-30 13:18:54'),(103,64,157,'App\\Factura','2021-05-11 00:00:00',1,'2021-08-30 13:18:54','2021-08-30 13:18:54'),(104,64,156,'App\\Factura','2021-05-11 00:00:00',1,'2021-08-30 13:18:54','2021-08-30 13:18:54'),(105,64,155,'App\\Factura','2021-04-17 00:00:00',1,'2021-08-30 13:18:54','2021-08-30 13:18:54'),(106,64,154,'App\\Factura','2021-04-13 00:00:00',1,'2021-08-30 13:18:54','2021-08-30 13:18:54'),(107,64,153,'App\\Factura','2021-04-13 00:00:00',1,'2021-08-30 13:18:54','2021-08-30 13:18:54'),(108,64,152,'App\\Factura','2021-04-08 00:00:00',1,'2021-08-30 13:18:54','2021-08-30 13:18:54'),(109,64,151,'App\\Factura','2021-03-18 00:00:00',1,'2021-08-30 13:18:54','2021-08-30 13:18:54'),(110,64,150,'App\\Factura','2021-03-18 00:00:00',1,'2021-08-30 13:18:54','2021-08-30 13:18:54'),(111,64,149,'App\\Factura','2021-03-18 00:00:00',1,'2021-08-30 13:18:54','2021-08-30 13:18:54'),(112,64,148,'App\\Factura','2021-03-03 00:00:00',1,'2021-08-30 13:18:54','2021-08-30 13:18:54'),(113,64,147,'App\\Factura','2021-03-03 00:00:00',1,'2021-08-30 13:18:54','2021-08-30 13:18:54'),(114,64,146,'App\\Factura','2021-03-03 00:00:00',1,'2021-08-30 13:18:54','2021-08-30 13:18:54'),(115,64,145,'App\\Factura','2021-02-17 00:00:00',1,'2021-08-30 13:18:54','2021-08-30 13:18:54'),(116,64,144,'App\\Factura','2021-02-17 00:00:00',1,'2021-08-30 13:18:54','2021-08-30 13:18:54'),(117,59,143,'App\\Factura','2021-07-20 00:00:00',1,'2021-08-30 13:18:54','2021-08-30 13:18:54'),(118,59,142,'App\\Factura','2021-06-29 00:00:00',1,'2021-08-30 13:18:54','2021-08-30 13:18:54'),(119,59,141,'App\\Factura','2021-02-11 00:00:00',1,'2021-08-30 13:18:54','2021-08-30 13:18:54'),(120,60,140,'App\\Factura','2020-10-07 00:00:00',1,'2021-08-30 13:18:54','2021-08-30 13:18:54'),(121,60,139,'App\\Factura','2020-10-07 00:00:00',1,'2021-08-30 13:18:54','2021-08-30 13:18:54'),(122,60,138,'App\\Factura','2020-06-06 00:00:00',1,'2021-08-30 13:18:54','2021-08-30 13:18:54'),(123,57,137,'App\\Factura','2021-07-06 00:00:00',1,'2021-08-30 13:18:54','2021-08-30 13:18:54'),(124,57,136,'App\\Factura','2021-06-02 00:00:00',1,'2021-08-30 13:18:54','2021-09-07 18:49:21'),(125,57,135,'App\\Factura','2021-05-11 00:00:00',1,'2021-08-30 13:18:54','2021-09-07 18:48:49'),(126,54,134,'App\\Factura','2021-07-02 00:00:00',1,'2021-08-30 13:18:54','2021-09-06 11:18:20'),(127,56,133,'App\\Factura','2021-07-02 00:00:00',1,'2021-08-30 13:18:54','2021-08-30 13:18:54'),(128,56,132,'App\\Factura','2021-06-09 00:00:00',1,'2021-08-30 13:18:54','2021-08-30 13:18:54'),(129,51,131,'App\\Factura','2021-07-27 00:00:00',1,'2021-08-30 13:18:54','2021-09-06 11:15:43'),(130,51,130,'App\\Factura','2021-07-27 00:00:00',1,'2021-08-30 13:18:54','2021-09-06 11:16:07'),(131,51,129,'App\\Factura','2021-07-27 00:00:00',1,'2021-08-30 13:18:54','2021-09-06 11:16:32'),(132,45,128,'App\\Factura','2020-12-01 00:00:00',1,'2021-08-30 13:18:54','2021-09-07 18:48:03'),(133,47,127,'App\\Factura','2021-05-14 00:00:00',1,'2021-08-30 13:18:54','2021-09-07 18:47:20'),(134,43,126,'App\\Factura','2021-05-11 00:00:00',1,'2021-08-30 13:18:54','2021-08-30 13:18:54'),(135,43,125,'App\\Factura','2021-04-09 00:00:00',1,'2021-08-30 13:18:54','2021-08-30 13:18:54'),(136,44,124,'App\\Factura','2021-07-13 00:00:00',1,'2021-08-30 13:18:54','2021-08-30 13:18:54'),(137,44,123,'App\\Factura','2021-07-13 00:00:00',1,'2021-08-30 13:18:54','2021-08-30 13:18:54'),(138,44,122,'App\\Factura','2021-06-29 00:00:00',1,'2021-08-30 13:18:54','2021-08-30 13:18:54'),(139,46,121,'App\\Factura','2021-07-02 00:00:00',1,'2021-08-30 13:18:54','2021-08-30 13:18:54'),(140,49,120,'App\\Factura','2021-07-07 00:00:00',1,'2021-08-30 13:18:54','2021-09-07 18:46:39'),(141,49,119,'App\\Factura','2021-06-29 00:00:00',1,'2021-08-30 13:18:54','2021-09-07 18:46:11'),(142,49,118,'App\\Factura','2021-05-11 00:00:00',1,'2021-08-30 13:18:54','2021-09-07 18:45:43'),(143,49,117,'App\\Factura','2021-04-09 00:00:00',1,'2021-08-30 13:18:54','2021-09-07 18:45:01'),(144,41,116,'App\\Factura','2021-07-07 00:00:00',1,'2021-08-30 13:18:54','2021-09-07 18:44:35'),(145,41,115,'App\\Factura','2021-06-29 00:00:00',1,'2021-08-30 13:18:54','2021-09-07 18:44:07'),(146,41,114,'App\\Factura','2020-11-10 00:00:00',1,'2021-08-30 13:18:54','2021-08-30 13:18:54'),(147,80,113,'App\\Factura','2021-08-30 00:00:00',1,'2021-08-30 13:18:54','2021-08-30 13:18:54'),(148,79,112,'App\\Factura','2020-04-13 00:00:00',1,'2021-08-30 13:18:54','2021-09-07 18:43:28'),(149,39,111,'App\\Factura','2021-07-02 00:00:00',1,'2021-08-30 13:18:54','2021-09-07 18:42:36'),(150,82,110,'App\\Factura','2021-12-19 00:00:00',1,'2021-08-30 13:18:54','2021-09-07 18:41:33'),(151,37,109,'App\\Factura','2021-07-27 00:00:00',1,'2021-08-30 13:18:54','2021-09-07 17:52:16'),(152,35,108,'App\\Factura','2021-07-03 00:00:00',1,'2021-08-30 13:18:54','2021-08-30 13:18:54'),(153,35,107,'App\\Factura','2021-07-03 00:00:00',1,'2021-08-30 13:18:54','2021-08-30 13:18:54'),(154,34,106,'App\\Factura','2021-07-27 00:00:00',1,'2021-08-30 13:18:54','2021-09-07 18:41:00'),(155,85,105,'App\\Factura','2020-09-03 00:00:00',1,'2021-08-30 13:18:54','2021-08-30 13:18:54'),(156,85,104,'App\\Factura','2020-08-03 00:00:00',1,'2021-08-30 13:18:54','2021-08-30 13:18:54'),(157,85,103,'App\\Factura','2020-07-03 00:00:00',1,'2021-08-30 13:18:54','2021-08-30 13:18:54'),(158,85,102,'App\\Factura','2020-06-03 00:00:00',1,'2021-08-30 13:18:54','2021-08-30 13:18:54'),(159,85,101,'App\\Factura','2020-05-03 00:00:00',1,'2021-08-30 13:18:54','2021-08-30 13:18:54'),(160,24,100,'App\\Factura','2021-05-11 00:00:00',1,'2021-08-30 13:18:54','2021-08-30 13:18:54'),(161,24,99,'App\\Factura','2021-04-09 00:00:00',1,'2021-08-30 13:18:54','2021-08-30 13:18:54'),(162,24,98,'App\\Factura','2021-03-10 00:00:00',1,'2021-08-30 13:18:54','2021-08-30 13:18:54'),(163,32,97,'App\\Factura','2021-07-16 00:00:00',1,'2021-08-30 13:18:54','2021-08-30 13:18:54'),(164,32,96,'App\\Factura','2021-07-16 00:00:00',1,'2021-08-30 13:18:54','2021-08-30 13:18:54'),(165,32,95,'App\\Factura','2021-07-16 00:00:00',1,'2021-08-30 13:18:54','2021-08-30 13:18:54'),(166,32,94,'App\\Factura','2021-07-16 00:00:00',1,'2021-08-30 13:18:54','2021-08-30 13:18:54'),(167,32,93,'App\\Factura','2021-07-16 00:00:00',1,'2021-08-30 13:18:54','2021-08-30 13:18:54'),(168,32,92,'App\\Factura','2021-07-07 00:00:00',1,'2021-08-30 13:18:54','2021-08-30 13:18:54'),(169,32,91,'App\\Factura','2021-07-07 00:00:00',1,'2021-08-30 13:18:54','2021-08-30 13:18:54'),(170,32,90,'App\\Factura','2021-07-07 00:00:00',1,'2021-08-30 13:18:54','2021-08-30 13:18:54'),(171,32,89,'App\\Factura','2021-07-07 00:00:00',1,'2021-08-30 13:18:54','2021-08-30 13:18:54'),(172,32,88,'App\\Factura','2021-07-07 00:00:00',1,'2021-08-30 13:18:54','2021-08-30 13:18:54'),(173,32,87,'App\\Factura','2021-06-15 00:00:00',1,'2021-08-30 13:18:54','2021-08-30 13:18:54'),(174,32,86,'App\\Factura','2021-06-15 00:00:00',1,'2021-08-30 13:18:54','2021-08-30 13:18:54'),(175,32,85,'App\\Factura','2021-06-15 00:00:00',1,'2021-08-30 13:18:54','2021-08-30 13:18:54'),(176,32,84,'App\\Factura','2021-06-15 00:00:00',1,'2021-08-30 13:18:54','2021-08-30 13:18:54'),(177,32,83,'App\\Factura','2022-06-03 00:00:00',1,'2021-08-30 13:18:54','2021-08-30 13:18:54'),(178,32,82,'App\\Factura','2022-06-03 00:00:00',1,'2021-08-30 13:18:54','2021-08-30 13:18:54'),(179,32,81,'App\\Factura','2022-06-03 00:00:00',1,'2021-08-30 13:18:54','2021-08-30 13:18:54'),(180,32,80,'App\\Factura','2022-06-03 00:00:00',1,'2021-08-30 13:18:54','2021-08-30 13:18:54'),(181,32,79,'App\\Factura','2022-06-03 00:00:00',1,'2021-08-30 13:18:54','2021-08-30 13:18:54'),(182,32,78,'App\\Factura','2022-06-03 00:00:00',1,'2021-08-30 13:18:54','2021-08-30 13:18:54'),(183,32,77,'App\\Factura','2021-05-18 00:00:00',1,'2021-08-30 13:18:54','2021-09-07 18:40:15'),(184,32,76,'App\\Factura','2021-05-18 00:00:00',1,'2021-08-30 13:18:54','2021-09-07 18:39:50'),(185,32,75,'App\\Factura','2021-05-18 00:00:00',1,'2021-08-30 13:18:54','2021-09-07 18:39:29'),(186,32,74,'App\\Factura','2021-05-18 00:00:00',1,'2021-08-30 13:18:54','2021-09-07 18:39:08'),(187,32,73,'App\\Factura','2021-05-18 00:00:00',1,'2021-08-30 13:18:55','2021-09-07 18:38:42'),(188,32,72,'App\\Factura','2021-05-11 00:00:00',1,'2021-08-30 13:18:55','2021-09-07 18:38:00'),(189,32,71,'App\\Factura','2021-05-11 00:00:00',1,'2021-08-30 13:18:55','2021-09-07 18:37:39'),(190,32,70,'App\\Factura','2021-05-11 00:00:00',1,'2021-08-30 13:18:55','2021-09-07 18:37:05'),(191,32,69,'App\\Factura','2021-05-11 00:00:00',1,'2021-08-30 13:18:55','2021-09-07 18:36:41'),(192,32,68,'App\\Factura','2021-05-11 00:00:00',1,'2021-08-30 13:18:55','2021-09-07 18:36:20'),(193,32,67,'App\\Factura','2021-05-11 00:00:00',1,'2021-08-30 13:18:55','2021-09-07 18:35:58'),(194,32,66,'App\\Factura','2021-04-17 00:00:00',1,'2021-08-30 13:18:55','2021-09-07 18:35:33'),(195,32,65,'App\\Factura','2021-04-17 00:00:00',1,'2021-08-30 13:18:55','2021-09-07 18:35:09'),(196,32,64,'App\\Factura','2021-04-17 00:00:00',1,'2021-08-30 13:18:55','2021-09-07 18:34:47'),(197,32,63,'App\\Factura','2021-04-17 00:00:00',1,'2021-08-30 13:18:55','2021-09-07 18:34:27'),(198,32,62,'App\\Factura','2021-04-17 00:00:00',1,'2021-08-30 13:18:55','2021-09-07 18:34:05'),(199,25,61,'App\\Factura','2021-07-02 00:00:00',1,'2021-08-30 13:18:55','2021-09-07 18:33:42'),(200,25,60,'App\\Factura','2021-06-02 00:00:00',1,'2021-08-30 13:18:55','2021-09-07 18:33:02'),(201,27,59,'App\\Factura','2021-07-01 00:00:00',1,'2021-08-30 13:18:55','2021-09-07 18:32:35'),(202,27,58,'App\\Factura','2021-04-02 00:00:00',1,'2021-08-30 13:18:55','2021-09-07 18:32:06'),(203,81,57,'App\\Factura','2020-08-10 00:00:00',1,'2021-08-30 13:18:55','2021-09-07 18:31:37'),(204,21,56,'App\\Factura','2021-07-13 00:00:00',1,'2021-08-30 13:18:55','2021-08-30 13:18:55'),(205,21,55,'App\\Factura','2021-06-16 00:00:00',1,'2021-08-30 13:18:55','2021-08-30 13:18:55'),(206,21,54,'App\\Factura','2021-05-18 00:00:00',1,'2021-08-30 13:18:55','2021-08-30 13:18:55'),(207,21,53,'App\\Factura','2021-05-18 00:00:00',1,'2021-08-30 13:18:55','2021-09-07 18:30:56'),(208,18,52,'App\\Factura','2021-04-01 00:00:00',1,'2021-08-30 13:18:55','2021-08-30 13:18:55'),(209,18,51,'App\\Factura','2021-03-01 00:00:00',1,'2021-08-30 13:18:55','2021-08-30 13:18:55'),(210,18,50,'App\\Factura','2021-02-01 00:00:00',1,'2021-08-30 13:18:55','2021-08-30 13:18:55'),(211,18,49,'App\\Factura','2021-01-03 00:00:00',1,'2021-08-30 13:18:55','2021-08-30 13:18:55'),(212,18,48,'App\\Factura','2020-12-01 00:00:00',1,'2021-08-30 13:18:55','2021-08-30 13:18:55'),(213,78,47,'App\\Factura','2021-08-30 00:00:00',1,'2021-08-30 13:18:55','2021-08-30 13:18:55'),(216,77,44,'App\\Factura','2021-08-30 00:00:00',1,'2021-08-30 13:18:55','2021-08-30 13:18:55'),(217,77,43,'App\\Factura','2021-08-30 00:00:00',1,'2021-08-30 13:18:55','2021-08-30 13:18:55'),(218,77,42,'App\\Factura','2019-08-05 00:00:00',1,'2021-08-30 13:18:55','2021-09-07 18:30:04'),(219,77,41,'App\\Factura','2021-08-30 00:00:00',1,'2021-08-30 13:18:55','2021-08-30 13:18:55'),(220,77,40,'App\\Factura','2019-06-03 00:00:00',1,'2021-08-30 13:18:55','2021-09-07 18:29:06'),(221,76,39,'App\\Factura','2021-01-01 00:00:00',1,'2021-08-30 13:18:55','2021-08-30 13:18:55'),(222,76,38,'App\\Factura','2021-01-01 00:00:00',1,'2021-08-30 13:18:55','2021-08-30 13:18:55'),(223,76,37,'App\\Factura','2020-12-01 00:00:00',1,'2021-08-30 13:18:55','2021-08-30 13:18:55'),(224,76,36,'App\\Factura','2020-12-01 00:00:00',1,'2021-08-30 13:18:55','2021-08-30 13:18:55'),(225,76,35,'App\\Factura','2020-11-01 00:00:00',1,'2021-08-30 13:18:55','2021-08-30 13:18:55'),(226,17,34,'App\\Factura','2021-07-01 00:00:00',1,'2021-08-30 13:18:55','2021-09-07 18:27:03'),(227,15,33,'App\\Factura','2021-07-27 00:00:00',1,'2021-08-30 13:18:55','2021-09-07 17:53:02'),(228,9,32,'App\\Factura','2021-07-02 00:00:00',1,'2021-08-30 13:18:55','2021-09-07 18:26:39'),(229,13,31,'App\\Factura','2021-07-02 00:00:00',1,'2021-08-30 13:18:55','2021-09-07 18:26:14'),(230,12,30,'App\\Factura','2021-06-18 00:00:00',1,'2021-08-30 13:18:55','2021-08-30 13:18:55'),(231,12,29,'App\\Factura','2021-05-11 00:00:00',1,'2021-08-30 13:18:55','2021-08-30 13:18:55'),(232,12,28,'App\\Factura','2021-05-11 00:00:00',1,'2021-08-30 13:18:55','2021-08-30 13:18:55'),(233,75,27,'App\\Factura','2021-03-03 00:00:00',1,'2021-08-30 13:18:55','2021-09-07 18:25:36'),(234,6,26,'App\\Factura','2021-07-02 00:00:00',1,'2021-08-30 13:18:55','2021-09-07 17:54:00'),(235,8,25,'App\\Factura','2021-07-16 00:00:00',1,'2021-08-30 13:18:55','2021-09-17 12:19:45'),(236,8,24,'App\\Factura','2021-07-06 00:00:00',1,'2021-08-30 13:18:55','2021-08-30 13:18:55'),(237,8,23,'App\\Factura','2021-06-16 00:00:00',1,'2021-08-30 13:18:55','2021-08-30 13:18:55'),(238,8,22,'App\\Factura','2021-06-09 00:00:00',1,'2021-08-30 13:18:55','2021-08-30 13:18:55'),(239,8,21,'App\\Factura','2021-04-27 00:00:00',1,'2021-08-30 13:18:55','2021-08-30 13:18:55'),(240,8,20,'App\\Factura','2021-04-27 00:00:00',1,'2021-08-30 13:18:55','2021-08-30 13:18:55'),(241,8,19,'App\\Factura','2021-04-09 00:00:00',1,'2021-08-30 13:18:55','2021-09-07 18:25:05'),(242,8,18,'App\\Factura','2020-11-18 00:00:00',1,'2021-08-30 13:18:55','2021-08-30 13:18:55'),(243,8,17,'App\\Factura','2021-03-18 00:00:00',1,'2021-08-30 13:18:55','2021-08-30 13:18:55'),(244,3,16,'App\\Factura','2021-07-13 00:00:00',1,'2021-08-30 13:18:55','2021-09-06 11:19:31'),(245,3,15,'App\\Factura','2021-06-16 00:00:00',1,'2021-08-30 13:18:55','2021-09-06 11:19:09'),(246,5,14,'App\\Factura','2021-07-01 00:00:00',1,'2021-08-30 13:18:55','2021-08-30 13:18:55'),(247,5,13,'App\\Factura','2021-06-02 00:00:00',1,'2021-08-30 13:18:55','2021-08-30 13:18:55'),(248,5,12,'App\\Factura','2021-05-11 00:00:00',1,'2021-08-30 13:18:55','2021-08-30 13:18:55'),(249,5,11,'App\\Factura','2021-05-04 00:00:00',1,'2021-08-30 13:18:55','2021-08-30 13:18:55'),(250,5,10,'App\\Factura','2021-04-06 00:00:00',1,'2021-08-30 13:18:55','2021-08-30 13:18:55'),(251,5,9,'App\\Factura','2021-04-06 00:00:00',1,'2021-08-30 13:18:55','2021-09-13 15:46:50'),(252,5,8,'App\\Factura','2021-03-02 00:00:00',1,'2021-08-30 13:18:55','2021-09-07 18:24:15'),(253,5,7,'App\\Factura','2021-02-17 00:00:00',1,'2021-08-30 13:18:55','2021-08-30 13:18:55'),(254,5,6,'App\\Factura','2021-02-03 00:00:00',1,'2021-08-30 13:18:55','2021-08-30 13:18:55'),(255,5,5,'App\\Factura','2021-01-08 00:00:00',1,'2021-08-30 13:18:55','2021-08-30 13:18:55'),(256,5,4,'App\\Factura','2021-01-08 00:00:00',1,'2021-08-30 13:18:55','2021-09-07 18:23:38'),(257,5,3,'App\\Factura','2020-12-03 00:00:00',1,'2021-08-30 13:18:55','2021-09-07 18:23:12'),(258,2,2,'App\\Factura','2021-07-02 00:00:00',1,'2021-08-30 13:18:55','2021-09-07 18:22:47'),(259,74,1,'App\\Factura','2019-12-31 00:00:00',1,'2021-08-30 13:18:55','2021-09-07 18:22:21'),(260,1,260,'App\\Factura','2021-08-03 00:00:00',1,'2021-08-30 13:37:05','2021-09-07 18:52:51'),(261,55,261,'App\\Factura','2021-08-03 00:00:00',1,'2021-08-30 13:37:42','2021-09-07 18:53:24'),(262,30,262,'App\\Factura','2021-08-03 00:00:00',1,'2021-08-30 13:38:20','2021-09-07 18:53:47'),(263,68,263,'App\\Factura','2021-08-03 00:00:00',1,'2021-08-30 13:39:27','2021-09-07 18:54:07'),(264,68,264,'App\\Factura','2021-08-03 00:00:00',1,'2021-08-30 13:40:02','2021-09-07 18:54:30'),(265,65,265,'App\\Factura','2021-08-03 00:00:00',1,'2021-08-30 13:40:32','2021-09-07 18:54:50'),(266,63,266,'App\\Factura','2021-08-03 00:00:00',1,'2021-08-30 13:40:59','2021-09-07 18:55:13'),(267,42,267,'App\\Factura','2021-08-03 00:00:00',1,'2021-08-30 13:41:27','2021-09-07 18:55:37'),(268,72,268,'App\\Factura','2021-08-03 00:00:00',1,'2021-08-30 13:42:05','2021-09-13 15:47:41'),(269,27,269,'App\\Factura','2021-08-30 13:42:45',1,'2021-08-30 13:42:45','2021-08-30 13:42:45'),(270,5,270,'App\\Factura','2021-08-30 13:43:16',1,'2021-08-30 13:43:16','2021-08-30 13:43:16'),(271,70,271,'App\\Factura','2021-08-04 00:00:00',1,'2021-08-30 13:44:20','2021-09-08 13:09:44'),(272,17,272,'App\\Factura','2021-08-30 13:44:57',1,'2021-08-30 13:44:57','2021-08-30 13:44:57'),(273,14,273,'App\\Factura','2021-08-04 00:00:00',1,'2021-08-30 13:45:32','2021-09-07 18:56:09'),(274,48,274,'App\\Factura','2021-08-04 00:00:00',1,'2021-08-30 13:45:56','2021-09-07 18:56:31'),(275,10,275,'App\\Factura','2021-08-04 00:00:00',1,'2021-08-30 13:46:40','2021-09-07 18:56:55'),(276,39,276,'App\\Factura','2021-08-30 13:47:04',1,'2021-08-30 13:47:04','2021-08-30 13:47:04'),(277,61,277,'App\\Factura','2021-08-04 00:00:00',1,'2021-08-30 13:47:27','2021-09-07 18:57:23'),(278,61,278,'App\\Factura','2021-08-04 00:00:00',1,'2021-08-30 13:47:53','2021-09-07 18:57:45'),(279,61,279,'App\\Factura','2021-08-04 00:00:00',1,'2021-08-30 13:48:19','2021-09-07 18:58:05'),(280,52,280,'App\\Factura','2021-08-04 00:00:00',1,'2021-08-30 13:48:50','2021-09-07 18:58:34'),(281,62,281,'App\\Factura','2021-08-04 00:00:00',1,'2021-08-30 13:49:21','2021-09-07 18:58:54'),(282,25,282,'App\\Factura','2021-08-04 00:00:00',1,'2021-08-30 13:49:51','2021-09-07 18:59:13'),(283,22,283,'App\\Factura','2021-08-06 00:00:00',1,'2021-08-30 13:50:29','2021-09-07 18:59:32'),(284,40,284,'App\\Factura','2021-08-06 00:00:00',1,'2021-08-30 13:50:55','2021-09-07 18:59:50'),(285,40,285,'App\\Factura','2021-08-06 00:00:00',1,'2021-08-30 13:51:20','2021-09-07 19:00:11'),(286,40,286,'App\\Factura','2021-08-06 00:00:00',1,'2021-08-30 13:51:47','2021-09-07 19:00:40'),(287,6,287,'App\\Factura','2021-08-06 00:00:00',1,'2021-08-30 13:52:10','2021-09-07 17:54:18'),(288,2,288,'App\\Factura','2021-08-06 00:00:00',1,'2021-08-30 13:52:43','2021-09-13 15:46:25'),(289,36,289,'App\\Factura','2021-08-06 00:00:00',1,'2021-08-30 13:53:23','2021-09-07 19:01:06'),(290,28,290,'App\\Factura','2021-08-06 00:00:00',1,'2021-08-30 13:54:02','2021-09-06 11:20:06'),(291,33,291,'App\\Factura','2021-08-06 00:00:00',1,'2021-08-30 14:29:59','2021-09-07 19:01:32'),(292,58,292,'App\\Factura','2021-08-06 00:00:00',1,'2021-08-30 14:30:32','2021-09-07 19:01:55'),(293,35,293,'App\\Factura','2021-08-06 00:00:00',1,'2021-08-30 14:31:02','2021-09-07 19:02:19'),(294,35,294,'App\\Factura','2021-08-06 00:00:00',1,'2021-08-30 14:31:29','2021-09-07 19:02:43'),(295,46,295,'App\\Factura','2021-08-30 14:34:15',1,'2021-08-30 14:34:15','2021-08-30 14:34:15'),(296,4,296,'App\\Factura','2021-08-06 00:00:00',1,'2021-08-30 14:34:41','2021-09-07 19:03:06'),(297,73,297,'App\\Factura','2021-08-06 00:00:00',1,'2021-08-30 14:35:11','2021-09-06 11:11:27'),(298,73,298,'App\\Factura','2021-08-06 00:00:00',1,'2021-08-30 14:35:36','2021-09-06 11:11:45'),(299,66,299,'App\\Factura','2021-08-30 14:36:12',1,'2021-08-30 14:36:12','2021-08-30 14:36:12'),(300,170,300,'App\\Factura','2021-08-30 14:42:13',1,'2021-08-30 14:42:13','2021-08-30 14:42:13'),(301,16,301,'App\\Factura','2021-08-06 00:00:00',1,'2021-08-30 14:42:39','2021-09-07 19:03:43'),(302,86,302,'App\\Factura','2021-08-06 00:00:00',1,'2021-08-30 14:43:10','2021-09-06 09:49:39'),(303,54,303,'App\\Factura','2021-08-06 00:00:00',1,'2021-08-30 14:43:38','2021-09-06 11:18:38'),(304,13,304,'App\\Factura','2021-08-06 00:00:00',1,'2021-08-30 14:44:07','2021-09-06 09:50:38'),(305,69,305,'App\\Factura','2021-08-06 00:00:00',1,'2021-08-30 14:44:40','2021-09-06 09:51:08'),(306,7,306,'App\\Factura','2021-08-06 00:00:00',1,'2021-08-30 14:45:10','2021-09-06 09:51:25'),(307,9,307,'App\\Factura','2021-08-06 00:00:00',1,'2021-08-30 14:45:40','2021-09-06 09:51:57'),(308,9,308,'App\\Factura','2021-08-06 00:00:00',1,'2021-08-30 14:46:11','2021-09-10 13:49:51'),(309,26,309,'App\\Factura','2021-08-06 00:00:00',1,'2021-08-30 14:46:45','2021-09-06 09:52:16'),(310,11,310,'App\\Factura','2021-08-06 00:00:00',1,'2021-08-30 14:47:41','2021-09-06 09:52:31'),(311,45,311,'App\\Factura','2021-08-06 00:00:00',1,'2021-08-30 14:48:13','2021-09-06 09:52:47'),(312,171,312,'App\\Factura','2021-08-30 14:49:41',1,'2021-08-30 14:49:41','2021-08-30 14:49:41'),(313,50,313,'App\\Factura','2021-08-06 00:00:00',1,'2021-08-30 14:50:23','2021-09-06 09:53:10'),(314,29,314,'App\\Factura','2021-08-06 00:00:00',1,'2021-08-30 14:50:57','2021-09-06 09:53:34'),(315,31,315,'App\\Factura','2021-08-06 00:00:00',1,'2021-08-30 14:51:29','2021-09-06 09:53:51'),(316,20,316,'App\\Factura','2021-08-06 00:00:00',1,'2021-08-30 14:51:57','2021-09-06 09:54:07'),(317,71,317,'App\\Factura','2021-08-06 00:00:00',1,'2021-08-30 14:53:52','2021-09-06 09:54:26'),(318,56,318,'App\\Factura','2021-08-30 14:54:34',1,'2021-08-30 14:54:34','2021-08-30 14:54:34'),(319,64,319,'App\\Factura','2021-08-30 14:55:09',1,'2021-08-30 14:55:09','2021-08-30 14:55:09'),(320,8,320,'App\\Factura','2021-08-30 14:55:37',1,'2021-08-30 14:55:37','2021-08-30 14:55:37'),(321,32,321,'App\\Factura','2021-08-30 14:59:01',1,'2021-08-30 14:59:01','2021-08-30 14:59:01'),(322,32,322,'App\\Factura','2021-08-30 14:59:25',1,'2021-08-30 14:59:25','2021-08-30 14:59:25'),(323,32,323,'App\\Factura','2021-08-30 14:59:49',1,'2021-08-30 14:59:49','2021-08-30 14:59:49'),(324,32,324,'App\\Factura','2021-08-30 15:00:14',1,'2021-08-30 15:00:14','2021-08-30 15:00:14'),(325,32,325,'App\\Factura','2021-08-30 15:00:47',1,'2021-08-30 15:00:47','2021-08-30 15:00:47'),(326,49,326,'App\\Factura','2021-08-06 00:00:00',1,'2021-08-30 15:01:15','2021-09-06 09:54:54'),(327,41,327,'App\\Factura','2021-08-06 00:00:00',1,'2021-08-30 15:02:36','2021-09-06 09:57:39'),(328,47,328,'App\\Factura','2021-08-06 00:00:00',1,'2021-08-30 15:03:12','2021-09-06 09:57:55'),(329,59,329,'App\\Factura','2021-08-06 00:00:00',1,'2021-08-30 15:03:48','2021-09-06 09:58:08'),(330,59,330,'App\\Factura','2021-08-06 00:00:00',1,'2021-08-30 15:04:15','2021-09-06 09:58:21'),(331,59,331,'App\\Factura','2021-08-06 00:00:00',1,'2021-08-30 15:04:41','2021-09-06 09:58:39'),(333,59,333,'App\\Factura','2021-08-06 00:00:00',1,'2021-08-30 15:05:41','2021-09-06 09:58:53'),(334,59,334,'App\\Factura','2021-08-06 00:00:00',1,'2021-08-30 15:06:08','2021-09-06 10:00:20'),(335,67,335,'App\\Factura','2021-08-06 00:00:00',1,'2021-08-30 15:06:31','2021-09-06 11:17:45'),(336,38,336,'App\\Factura','2021-08-06 00:00:00',1,'2021-08-30 15:07:00','2021-09-06 10:00:43'),(337,172,337,'App\\Factura','2021-08-10 00:00:00',1,'2021-08-30 15:08:37','2021-09-06 10:00:58'),(338,19,338,'App\\Factura','2021-08-11 00:00:00',1,'2021-08-30 15:09:44','2021-09-06 10:01:29'),(339,34,339,'App\\Factura','2021-08-11 00:00:00',1,'2021-08-30 15:10:13','2021-09-06 10:01:44'),(340,44,340,'App\\Factura','2021-08-30 15:10:47',1,'2021-08-30 15:10:47','2021-08-30 15:10:47'),(341,3,341,'App\\Factura','2021-08-30 15:11:18',1,'2021-08-30 15:11:18','2021-08-30 15:11:18'),(342,21,342,'App\\Factura','2021-08-30 15:11:46',1,'2021-08-30 15:11:46','2021-08-30 15:11:46'),(343,53,343,'App\\Factura','2021-08-17 00:00:00',1,'2021-08-30 15:12:29','2021-09-07 17:53:33'),(344,64,344,'App\\Factura','2021-08-30 15:13:04',1,'2021-08-30 15:13:04','2021-08-30 15:13:04'),(345,8,345,'App\\Factura','2021-08-30 15:13:49',1,'2021-08-30 15:13:49','2021-08-30 15:13:49'),(346,32,346,'App\\Factura','2021-08-30 15:14:17',1,'2021-08-30 15:14:17','2021-08-30 15:14:17'),(347,32,347,'App\\Factura','2021-08-30 15:14:42',1,'2021-08-30 15:14:42','2021-08-30 15:14:42'),(348,32,348,'App\\Factura','2021-08-30 15:15:17',1,'2021-08-30 15:15:17','2021-08-30 15:15:17'),(349,32,349,'App\\Factura','2021-08-30 15:15:51',1,'2021-08-30 15:15:51','2021-08-30 15:15:51'),(350,32,350,'App\\Factura','2021-08-30 15:16:22',1,'2021-08-30 15:16:22','2021-08-30 15:16:22'),(351,173,351,'App\\Factura','2021-08-17 00:00:00',1,'2021-08-30 15:17:59','2021-09-17 12:20:46'),(352,174,352,'App\\Factura','2021-08-17 00:00:00',1,'2021-08-30 15:19:30','2021-09-10 13:51:14'),(353,65,353,'App\\Factura','2021-08-20 00:00:00',1,'2021-08-30 15:19:53','2021-09-06 10:02:17'),(354,44,354,'App\\Factura','2021-08-30 15:20:25',1,'2021-08-30 15:20:25','2021-08-30 15:20:25'),(355,34,355,'App\\Factura','2021-08-27 00:00:00',1,'2021-08-30 15:20:50','2021-09-06 10:02:38'),(356,51,356,'App\\Factura','2021-08-30 15:21:15',1,'2021-08-30 15:21:15','2021-08-30 15:21:15'),(357,51,357,'App\\Factura','2021-08-30 15:21:43',1,'2021-08-30 15:21:43','2021-08-30 15:21:43'),(358,51,358,'App\\Factura','2021-08-30 15:22:08',1,'2021-08-30 15:22:08','2021-08-30 15:22:08'),(359,37,359,'App\\Factura','2021-08-27 00:00:00',1,'2021-08-30 15:22:34','2021-09-07 17:52:40'),(361,38,361,'App\\Factura','2021-08-27 00:00:00',1,'2021-08-30 15:23:50','2021-09-07 19:05:01'),(362,175,362,'App\\Factura','2020-01-03 00:00:00',1,'2021-08-30 15:55:23','2021-09-06 12:18:57'),(363,176,363,'App\\Factura','2020-02-12 00:00:00',1,'2021-08-30 15:56:14','2021-09-06 12:19:10'),(367,27,4,'App\\Recibo','2021-08-30 16:42:34',1,'2021-08-30 16:42:34','2021-08-30 16:42:34'),(368,9,5,'App\\Recibo','2021-08-30 16:46:20',1,'2021-08-30 16:46:20','2021-08-30 16:46:20'),(369,52,6,'App\\Recibo','2021-08-30 16:49:00',1,'2021-08-30 16:49:00','2021-08-30 16:49:00'),(370,57,7,'App\\Recibo','2021-08-30 16:50:44',1,'2021-08-30 16:50:44','2021-08-30 16:50:44'),(371,33,8,'App\\Recibo','2021-08-30 16:53:35',1,'2021-08-30 16:53:35','2021-08-30 16:53:35'),(372,37,9,'App\\Recibo','2021-08-30 16:54:21',1,'2021-08-30 16:54:21','2021-08-30 16:54:21'),(373,54,10,'App\\Recibo','2021-08-30 16:55:14',1,'2021-08-30 16:55:14','2021-08-30 16:55:14'),(374,81,11,'App\\Recibo','2021-08-30 16:56:04',1,'2021-08-30 16:56:04','2021-08-30 16:56:04'),(375,55,12,'App\\Recibo','2021-08-30 16:58:08',1,'2021-08-30 16:58:08','2021-08-30 16:58:08'),(376,3,13,'App\\Recibo','2021-08-30 16:58:57',1,'2021-08-30 16:58:57','2021-08-30 16:58:57'),(377,70,14,'App\\Recibo','2021-08-30 17:00:16',1,'2021-08-30 17:00:16','2021-08-30 17:00:16'),(378,36,15,'App\\Recibo','2021-08-30 17:01:18',1,'2021-08-30 17:01:18','2021-08-30 17:01:18'),(379,28,16,'App\\Recibo','2021-08-30 17:01:50',1,'2021-08-30 17:01:50','2021-08-30 17:01:50'),(380,61,17,'App\\Recibo','2021-08-30 17:02:28',1,'2021-08-30 17:02:28','2021-08-30 17:02:28'),(381,61,18,'App\\Recibo','2021-08-30 17:03:03',1,'2021-08-30 17:03:03','2021-08-30 17:03:03'),(382,61,19,'App\\Recibo','2021-08-30 17:03:38',1,'2021-08-30 17:03:38','2021-08-30 17:03:38'),(383,75,20,'App\\Recibo','2021-08-30 17:04:58',1,'2021-08-30 17:04:58','2021-08-30 17:04:58'),(384,82,21,'App\\Recibo','2021-08-30 17:06:21',1,'2021-08-30 17:06:21','2021-08-30 17:06:21'),(385,47,22,'App\\Recibo','2021-08-30 17:09:05',1,'2021-08-30 17:09:05','2021-08-30 17:09:05'),(386,5,23,'App\\Recibo','2021-08-30 17:10:12',1,'2021-08-30 17:10:12','2021-08-30 17:10:12'),(387,5,24,'App\\Recibo','2021-08-30 17:11:14',1,'2021-08-30 17:11:14','2021-08-30 17:11:14'),(388,1,25,'App\\Recibo','2021-08-30 17:11:43',1,'2021-08-30 17:11:43','2021-08-30 17:11:43'),(389,65,26,'App\\Recibo','2021-08-30 17:12:06',1,'2021-08-30 17:12:06','2021-08-30 17:12:06'),(390,2,27,'App\\Recibo','2021-08-30 17:12:38',1,'2021-08-30 17:12:38','2021-08-30 17:12:38'),(391,32,28,'App\\Recibo','2021-08-30 17:14:30',1,'2021-08-30 17:14:30','2021-08-30 17:14:30'),(392,32,29,'App\\Recibo','2021-08-30 17:15:01',1,'2021-08-30 17:15:01','2021-08-30 17:15:01'),(393,32,30,'App\\Recibo','2021-08-30 17:15:40',1,'2021-08-30 17:15:40','2021-08-30 17:15:40'),(394,32,31,'App\\Recibo','2021-08-30 17:16:17',1,'2021-08-30 17:16:17','2021-08-30 17:16:17'),(395,32,32,'App\\Recibo','2021-08-30 17:19:59',1,'2021-08-30 17:19:59','2021-08-30 17:19:59'),(396,6,33,'App\\Recibo','2021-08-30 17:23:05',1,'2021-08-30 17:23:05','2021-08-30 17:23:05'),(397,40,34,'App\\Recibo','2021-08-30 17:23:35',1,'2021-08-30 17:23:35','2021-08-30 17:23:35'),(398,38,35,'App\\Recibo','2021-08-30 17:24:13',1,'2021-08-30 17:24:13','2021-08-30 17:24:13'),(399,40,36,'App\\Recibo','2021-08-30 17:24:50',1,'2021-08-30 17:24:50','2021-08-30 17:24:50'),(400,40,37,'App\\Recibo','2021-08-30 17:25:28',1,'2021-08-30 17:25:28','2021-08-30 17:25:28'),(401,7,38,'App\\Recibo','2021-08-30 17:26:05',1,'2021-08-30 17:26:05','2021-08-30 17:26:05'),(402,63,39,'App\\Recibo','2021-08-30 17:27:50',1,'2021-08-30 17:27:50','2021-08-30 17:27:50'),(403,71,40,'App\\Recibo','2021-08-30 17:28:26',1,'2021-08-30 17:28:26','2021-08-30 17:28:26'),(404,79,41,'App\\Recibo','2021-08-30 17:29:24',1,'2021-08-30 17:29:24','2021-08-30 17:29:24'),(405,74,42,'App\\Recibo','2021-08-30 17:29:58',1,'2021-08-30 17:29:58','2021-08-30 17:29:58'),(406,25,43,'App\\Recibo','2021-08-30 17:30:31',1,'2021-08-30 17:30:31','2021-08-30 17:30:31'),(407,25,44,'App\\Recibo','2021-08-30 17:30:55',1,'2021-08-30 17:30:55','2021-08-30 17:30:55'),(408,25,45,'App\\Recibo','2021-08-30 17:31:24',1,'2021-08-30 17:31:24','2021-08-30 17:31:24'),(409,72,46,'App\\Recibo','2021-08-30 17:31:54',1,'2021-08-30 17:31:54','2021-08-30 17:31:54'),(410,50,47,'App\\Recibo','2021-08-30 17:32:17',1,'2021-08-30 17:32:17','2021-08-30 17:32:17'),(411,22,48,'App\\Recibo','2021-08-30 17:32:43',1,'2021-08-30 17:32:43','2021-08-30 17:32:43'),(412,26,49,'App\\Recibo','2021-08-30 17:33:31',1,'2021-08-30 17:33:31','2021-08-30 17:33:31'),(413,82,50,'App\\Recibo','2021-08-30 17:34:21',1,'2021-08-30 17:34:21','2021-08-30 17:34:21'),(414,34,51,'App\\Recibo','2021-08-30 17:34:58',1,'2021-08-30 17:34:58','2021-08-30 17:34:58'),(415,14,52,'App\\Recibo','2021-08-30 17:35:33',1,'2021-08-30 17:35:33','2021-08-30 17:35:33'),(416,42,53,'App\\Recibo','2021-08-30 17:36:15',1,'2021-08-30 17:36:15','2021-08-30 17:36:15'),(417,59,54,'App\\Recibo','2021-08-30 17:37:36',1,'2021-08-30 17:37:36','2021-08-30 17:37:36'),(418,59,55,'App\\Recibo','2021-08-30 17:38:03',1,'2021-08-30 17:38:03','2021-08-30 17:38:03'),(419,59,56,'App\\Recibo','2021-08-30 17:38:37',1,'2021-08-30 17:38:37','2021-08-30 17:38:37'),(420,59,57,'App\\Recibo','2021-08-30 17:39:13',1,'2021-08-30 17:39:13','2021-08-30 17:39:13'),(421,59,58,'App\\Recibo','2021-08-30 17:40:08',1,'2021-08-30 17:40:08','2021-08-30 17:40:08'),(422,34,59,'App\\Recibo','2021-08-30 17:40:56',1,'2021-08-30 17:40:56','2021-08-30 17:40:56'),(423,5,60,'App\\Recibo','2021-08-30 17:43:27',1,'2021-08-30 17:43:27','2021-08-30 17:43:27'),(424,5,61,'App\\Recibo','2021-08-30 17:44:21',1,'2021-08-30 17:44:21','2021-08-30 17:44:21'),(425,35,62,'App\\Recibo','2021-08-30 17:46:18',1,'2021-08-30 17:46:18','2021-08-30 17:46:18'),(426,35,63,'App\\Recibo','2021-08-30 17:46:45',1,'2021-08-30 17:46:45','2021-08-30 17:46:45'),(427,16,64,'App\\Recibo','2021-08-30 17:47:10',1,'2021-08-30 17:47:10','2021-08-30 17:47:10'),(428,41,65,'App\\Recibo','2021-08-30 17:47:37',1,'2021-08-30 17:47:37','2021-08-30 17:47:37'),(430,49,67,'App\\Recibo','2021-08-30 17:49:30',1,'2021-08-30 17:49:30','2021-08-30 17:49:30'),(431,49,68,'App\\Recibo','2021-08-30 17:49:52',1,'2021-08-30 17:49:52','2021-08-30 17:49:52'),(432,49,69,'App\\Recibo','2021-08-30 17:50:25',1,'2021-08-30 17:50:25','2021-08-30 17:50:25'),(433,49,70,'App\\Recibo','2021-08-30 17:50:47',1,'2021-08-30 17:50:47','2021-08-30 17:50:47'),(434,49,71,'App\\Recibo','2021-08-30 17:51:12',1,'2021-08-30 17:51:12','2021-08-30 17:51:12'),(435,86,72,'App\\Recibo','2021-08-30 17:51:41',1,'2021-08-30 17:51:41','2021-08-30 17:51:41'),(436,47,73,'App\\Recibo','2021-08-30 17:52:08',1,'2021-08-30 17:52:08','2021-08-30 17:52:08'),(437,27,74,'App\\Recibo','2021-08-30 17:52:53',1,'2021-08-30 17:52:53','2021-08-30 17:52:53'),(438,31,75,'App\\Recibo','2021-08-30 17:53:20',1,'2021-08-30 17:53:20','2021-08-30 17:53:20'),(439,29,76,'App\\Recibo','2021-08-30 17:53:57',1,'2021-08-30 17:53:57','2021-08-30 17:53:57'),(440,64,77,'App\\Recibo','2021-08-30 17:55:05',1,'2021-08-30 17:55:05','2021-08-30 17:55:05'),(441,9,78,'App\\Recibo','2021-08-30 17:58:32',1,'2021-08-30 17:58:32','2021-08-30 17:58:32'),(442,32,79,'App\\Recibo','2021-08-30 17:59:41',1,'2021-08-30 17:59:41','2021-08-30 17:59:41'),(443,32,80,'App\\Recibo','2021-08-30 18:00:10',1,'2021-08-30 18:00:10','2021-08-30 18:00:10'),(444,32,81,'App\\Recibo','2021-08-30 18:00:40',1,'2021-08-30 18:00:40','2021-08-30 18:00:40'),(445,32,82,'App\\Recibo','2021-08-30 18:01:28',1,'2021-08-30 18:01:28','2021-08-30 18:01:28'),(446,32,83,'App\\Recibo','2021-08-30 18:02:25',1,'2021-08-30 18:02:25','2021-08-30 18:02:25'),(447,32,84,'App\\Recibo','2021-08-30 18:03:24',1,'2021-08-30 18:03:24','2021-08-30 18:03:24'),(448,32,85,'App\\Recibo','2021-08-30 18:04:10',1,'2021-08-30 18:04:10','2021-08-30 18:04:10'),(449,32,86,'App\\Recibo','2021-08-30 18:04:35',1,'2021-08-30 18:04:35','2021-08-30 18:04:35'),(450,32,87,'App\\Recibo','2021-08-30 18:05:08',1,'2021-08-30 18:05:08','2021-08-30 18:05:08'),(451,32,88,'App\\Recibo','2021-08-30 18:05:46',1,'2021-08-30 18:05:46','2021-08-30 18:05:46'),(452,32,89,'App\\Recibo','2021-08-30 18:06:44',1,'2021-08-30 18:06:44','2021-08-30 18:06:44'),(453,41,90,'App\\Recibo','2021-08-30 18:07:12',1,'2021-08-30 18:07:12','2021-08-30 18:07:12'),(454,41,91,'App\\Recibo','2021-08-30 18:07:30',1,'2021-08-30 18:07:30','2021-08-30 18:07:30'),(455,10,92,'App\\Recibo','2021-08-30 18:07:50',1,'2021-08-30 18:07:50','2021-08-30 18:07:50'),(456,4,93,'App\\Recibo','2021-08-30 18:10:10',1,'2021-08-30 18:10:10','2021-08-30 18:10:10'),(457,5,94,'App\\Recibo','2021-08-30 18:11:08',1,'2021-08-30 18:11:08','2021-08-30 18:11:08'),(459,13,96,'App\\Recibo','2021-08-30 18:12:23',1,'2021-08-30 18:12:23','2021-08-30 18:12:23'),(460,13,97,'App\\Recibo','2021-08-30 18:12:44',1,'2021-08-30 18:12:44','2021-08-30 18:12:44'),(461,68,98,'App\\Recibo','2021-08-30 18:13:06',1,'2021-08-30 18:13:06','2021-08-30 18:13:06'),(462,68,99,'App\\Recibo','2021-08-30 18:13:31',1,'2021-08-30 18:13:31','2021-08-30 18:13:31'),(463,57,100,'App\\Recibo','2021-08-30 18:14:17',1,'2021-08-30 18:14:17','2021-08-30 18:14:17'),(464,66,101,'App\\Recibo','2021-08-30 18:14:44',1,'2021-08-30 18:14:44','2021-08-30 18:14:44'),(465,34,102,'App\\Recibo','2021-08-30 18:15:13',1,'2021-08-30 18:15:13','2021-08-30 18:15:13'),(466,58,103,'App\\Recibo','2021-08-30 18:16:10',1,'2021-08-30 18:16:10','2021-08-30 18:16:10'),(467,39,104,'App\\Recibo','2021-08-30 18:16:39',1,'2021-08-30 18:16:39','2021-08-30 18:16:39'),(468,69,105,'App\\Recibo','2021-08-30 18:18:52',1,'2021-08-30 18:18:52','2021-08-30 18:18:52'),(469,172,106,'App\\Recibo','2021-08-30 18:22:09',1,'2021-08-30 18:22:09','2021-08-30 18:22:09'),(470,48,107,'App\\Recibo','2021-08-30 18:22:37',1,'2021-08-30 18:22:37','2021-08-30 18:22:37'),(471,65,108,'App\\Recibo','2021-08-30 18:23:10',1,'2021-08-30 18:23:10','2021-08-30 18:23:10'),(472,19,109,'App\\Recibo','2021-08-30 18:23:39',1,'2021-08-30 18:23:39','2021-08-30 18:23:39'),(473,62,110,'App\\Recibo','2021-08-30 18:24:11',1,'2021-08-30 18:24:11','2021-08-30 18:24:11'),(474,5,111,'App\\Recibo','2021-08-30 18:24:47',1,'2021-08-30 18:24:47','2021-08-30 18:24:47'),(476,45,113,'App\\Recibo','2021-08-31 08:56:16',1,'2021-08-31 08:56:16','2021-08-31 08:56:16'),(477,21,114,'App\\Recibo','2021-08-31 08:56:48',1,'2021-08-31 08:56:48','2021-08-31 08:56:48'),(478,8,115,'App\\Recibo','2021-08-31 08:57:21',1,'2021-08-31 08:57:21','2021-08-31 08:57:21'),(479,8,116,'App\\Recibo','2021-08-31 08:58:08',1,'2021-08-31 08:58:08','2021-08-31 08:58:08'),(480,131,364,'App\\Factura','2021-08-31 10:12:02',1,'2021-08-31 10:12:02','2021-08-31 10:12:02'),(481,117,365,'App\\Factura','2021-08-31 10:12:29',1,'2021-08-31 10:12:29','2021-08-31 10:12:29'),(482,116,366,'App\\Factura','2021-08-31 10:12:54',1,'2021-08-31 10:12:54','2021-08-31 10:12:54'),(483,132,367,'App\\Factura','2021-08-31 10:13:49',1,'2021-08-31 10:13:49','2021-08-31 10:13:49'),(484,132,368,'App\\Factura','2021-08-31 10:14:26',1,'2021-08-31 10:14:26','2021-08-31 10:14:26'),(485,133,369,'App\\Factura','2021-08-31 10:15:10',1,'2021-08-31 10:15:10','2021-08-31 10:15:10'),(486,133,370,'App\\Factura','2021-08-31 10:18:36',1,'2021-08-31 10:18:36','2021-08-31 10:18:36'),(487,123,371,'App\\Factura','2021-08-31 10:18:53',1,'2021-08-31 10:18:53','2021-08-31 10:18:53'),(488,122,372,'App\\Factura','2021-08-31 10:19:18',1,'2021-08-31 10:19:18','2021-08-31 10:19:18'),(489,146,373,'App\\Factura','2021-08-31 10:19:45',1,'2021-08-31 10:19:45','2021-08-31 10:19:45'),(490,110,374,'App\\Factura','2021-08-31 10:20:10',1,'2021-08-31 10:20:10','2021-08-31 10:20:10'),(491,98,375,'App\\Factura','2021-08-31 10:21:06',1,'2021-08-31 10:21:06','2021-08-31 10:21:06'),(492,145,376,'App\\Factura','2021-08-31 10:21:50',1,'2021-08-31 10:21:50','2021-08-31 10:21:50'),(493,105,377,'App\\Factura','2021-08-31 10:22:07',1,'2021-08-31 10:22:07','2021-08-31 10:22:07'),(494,114,378,'App\\Factura','2021-08-31 10:22:32',1,'2021-08-31 10:22:32','2021-08-31 10:22:32'),(495,139,379,'App\\Factura','2021-08-31 10:22:55',1,'2021-08-31 10:22:55','2021-08-31 10:22:55'),(496,169,380,'App\\Factura','2021-08-31 10:22:58',1,'2021-08-31 10:22:58','2021-08-31 10:22:58'),(497,88,381,'App\\Factura','2021-08-31 10:23:13',1,'2021-08-31 10:23:13','2021-08-31 10:23:13'),(498,169,382,'App\\Factura','2021-08-31 10:23:25',1,'2021-08-31 10:23:25','2021-08-31 10:23:25'),(499,119,383,'App\\Factura','2021-08-31 10:23:32',1,'2021-08-31 10:23:32','2021-08-31 10:23:32'),(500,169,384,'App\\Factura','2021-08-31 10:23:50',1,'2021-08-31 10:23:50','2021-08-31 10:23:50'),(501,107,385,'App\\Factura','2021-08-31 10:23:55',1,'2021-08-31 10:23:55','2021-08-31 10:23:55'),(502,169,386,'App\\Factura','2021-08-31 10:24:20',1,'2021-08-31 10:24:20','2021-08-31 10:24:20'),(503,126,387,'App\\Factura','2021-08-31 10:24:21',1,'2021-08-31 10:24:21','2021-08-31 10:24:21'),(504,169,388,'App\\Factura','2021-08-31 10:24:45',1,'2021-08-31 10:24:45','2021-08-31 10:24:45'),(505,163,389,'App\\Factura','2021-08-02 00:00:00',1,'2021-08-31 10:25:17','2021-09-06 14:28:12'),(506,165,390,'App\\Factura','2021-08-02 00:00:00',1,'2021-08-31 10:25:47','2021-09-06 14:28:27'),(507,162,391,'App\\Factura','2021-08-02 00:00:00',1,'2021-08-31 10:26:18','2021-09-06 14:28:39'),(508,124,392,'App\\Factura','2021-08-31 10:26:29',1,'2021-08-31 10:26:29','2021-08-31 10:26:29'),(509,167,393,'App\\Factura','2021-08-31 10:26:50',1,'2021-08-31 10:26:50','2021-08-31 10:26:50'),(510,101,394,'App\\Factura','2021-08-31 10:27:03',1,'2021-08-31 10:27:03','2021-08-31 10:27:03'),(511,164,395,'App\\Factura','2021-08-02 00:00:00',1,'2021-08-31 10:27:16','2021-09-07 18:17:06'),(512,130,396,'App\\Factura','2021-08-31 10:27:26',1,'2021-08-31 10:27:26','2021-08-31 10:27:26'),(513,168,397,'App\\Factura','2021-08-02 00:00:00',1,'2021-08-31 10:27:40','2021-09-06 14:28:53'),(514,104,398,'App\\Factura','2021-08-31 10:27:53',1,'2021-08-31 10:27:53','2021-08-31 10:27:53'),(515,161,399,'App\\Factura','2021-08-03 00:00:00',1,'2021-08-31 10:28:06','2021-09-06 14:29:05'),(516,129,400,'App\\Factura','2021-08-31 10:28:27',1,'2021-08-31 10:28:27','2021-08-31 10:28:27'),(518,136,402,'App\\Factura','2021-08-31 10:28:50',1,'2021-08-31 10:28:50','2021-08-31 10:28:50'),(520,93,404,'App\\Factura','2021-08-31 10:29:18',1,'2021-08-31 10:29:18','2021-08-31 10:29:18'),(521,166,405,'App\\Factura','2021-08-31 10:29:39',1,'2021-08-31 10:29:39','2021-08-31 10:29:39'),(522,113,406,'App\\Factura','2021-08-31 10:29:44',1,'2021-08-31 10:29:44','2021-08-31 10:29:44'),(523,169,407,'App\\Factura','2021-08-17 00:00:00',1,'2021-08-31 10:30:09','2021-09-06 14:29:22'),(524,103,408,'App\\Factura','2021-08-31 10:30:13',1,'2021-08-31 10:30:13','2021-08-31 10:30:13'),(525,165,409,'App\\Factura','2021-08-25 00:00:00',1,'2021-08-31 10:30:38','2021-09-06 14:29:37'),(526,165,410,'App\\Factura','2021-08-25 00:00:00',1,'2021-08-31 10:31:08','2021-09-06 14:30:19'),(527,102,411,'App\\Factura','2021-08-31 10:31:23',1,'2021-08-31 10:31:23','2021-08-31 10:31:23'),(528,166,117,'App\\Recibo','2021-08-31 10:31:47',1,'2021-08-31 10:31:47','2021-08-31 10:31:47'),(529,135,412,'App\\Factura','2021-08-31 10:32:22',1,'2021-08-31 10:32:22','2021-08-31 10:32:22'),(530,175,118,'App\\Recibo','2021-08-31 10:32:34',1,'2021-08-31 10:32:34','2021-08-31 10:32:34'),(531,87,413,'App\\Factura','2021-08-31 10:32:47',1,'2021-08-31 10:32:47','2021-08-31 10:32:47'),(532,134,414,'App\\Factura','2021-08-31 10:33:12',1,'2021-08-31 10:33:12','2021-08-31 10:33:12'),(533,176,119,'App\\Recibo','2021-08-31 10:33:33',1,'2021-08-31 10:33:33','2021-08-31 10:33:33'),(534,100,415,'App\\Factura','2021-08-31 10:33:43',1,'2021-08-31 10:33:43','2021-08-31 10:33:43'),(535,161,120,'App\\Recibo','2021-08-31 10:34:04',1,'2021-08-31 10:34:04','2021-08-31 10:34:04'),(536,112,416,'App\\Factura','2021-08-31 10:34:29',1,'2021-08-31 10:34:29','2021-08-31 10:34:29'),(537,165,121,'App\\Recibo','2021-08-31 10:35:30',1,'2021-08-31 10:35:30','2021-08-31 10:35:30'),(538,167,122,'App\\Recibo','2021-08-31 10:36:34',1,'2021-08-31 10:36:34','2021-08-31 10:36:34'),(539,163,123,'App\\Recibo','2021-08-31 10:37:09',1,'2021-08-31 10:37:09','2021-08-31 10:37:09'),(540,162,124,'App\\Recibo','2021-08-31 10:37:47',1,'2021-08-31 10:37:47','2021-08-31 10:37:47'),(541,168,125,'App\\Recibo','2021-08-31 10:38:18',1,'2021-08-31 10:38:18','2021-08-31 10:38:18'),(548,89,417,'App\\Factura','2021-08-31 10:42:31',1,'2021-08-31 10:42:31','2021-08-31 10:42:31'),(550,138,418,'App\\Factura','2021-08-31 10:42:56',1,'2021-08-31 10:42:56','2021-08-31 10:42:56'),(552,95,419,'App\\Factura','2021-08-31 10:43:19',1,'2021-08-31 10:43:19','2021-08-31 10:43:19'),(554,127,420,'App\\Factura','2021-08-31 10:43:41',1,'2021-08-31 10:43:41','2021-08-31 10:43:41'),(556,144,421,'App\\Factura','2021-08-31 10:44:17',1,'2021-08-31 10:44:17','2021-08-31 10:44:17'),(558,124,422,'App\\Factura','2021-08-31 10:44:43',1,'2021-08-31 10:44:43','2021-08-31 10:44:43'),(559,121,423,'App\\Factura','2021-08-31 10:45:08',1,'2021-08-31 10:45:08','2021-08-31 10:45:08'),(560,166,137,'App\\Recibo','2021-08-31 10:45:09',1,'2021-08-31 10:45:09','2021-08-31 10:45:09'),(561,90,424,'App\\Factura','2021-08-31 10:45:43',1,'2021-08-31 10:45:43','2021-08-31 10:45:43'),(562,165,138,'App\\Recibo','2021-08-31 10:46:05',1,'2021-08-31 10:46:05','2021-08-31 10:46:05'),(563,140,425,'App\\Factura','2021-08-31 10:46:15',1,'2021-08-31 10:46:15','2021-08-31 10:46:15'),(564,165,139,'App\\Recibo','2021-08-31 10:46:33',1,'2021-08-31 10:46:33','2021-08-31 10:46:33'),(565,118,426,'App\\Factura','2021-08-31 10:48:29',1,'2021-08-31 10:48:29','2021-08-31 10:48:29'),(566,120,427,'App\\Factura','2021-08-31 10:48:55',1,'2021-08-31 10:48:55','2021-08-31 10:48:55'),(567,89,428,'App\\Factura','2021-08-31 10:49:48',1,'2021-08-31 10:49:48','2021-08-31 10:49:48'),(568,92,429,'App\\Factura','2021-08-31 10:55:35',1,'2021-08-31 10:55:35','2021-08-31 10:55:35'),(569,97,430,'App\\Factura','2021-08-31 10:56:51',1,'2021-08-31 10:56:51','2021-08-31 10:56:51'),(570,106,431,'App\\Factura','2021-08-31 10:57:45',1,'2021-08-31 10:57:45','2021-08-31 10:57:45'),(571,142,432,'App\\Factura','2021-08-31 10:58:10',1,'2021-08-31 10:58:10','2021-08-31 10:58:10'),(572,147,433,'App\\Factura','2021-08-27 00:00:00',1,'2021-08-31 10:58:37','2021-09-06 10:33:10'),(573,115,434,'App\\Factura','2021-08-31 10:59:05',1,'2021-08-31 10:59:05','2021-08-31 10:59:05'),(574,94,435,'App\\Factura','2021-08-31 10:59:52',1,'2021-08-31 10:59:52','2021-08-31 10:59:52'),(575,94,436,'App\\Factura','2021-08-31 11:00:24',1,'2021-08-31 11:00:24','2021-08-31 11:00:24'),(577,133,438,'App\\Factura','2021-08-31 11:01:35',1,'2021-08-31 11:01:35','2021-08-31 11:01:35'),(578,117,140,'App\\Recibo','2021-08-31 11:09:43',1,'2021-08-31 11:09:43','2021-08-31 11:09:43'),(579,132,141,'App\\Recibo','2021-08-31 11:10:27',1,'2021-08-31 11:10:27','2021-08-31 11:10:27'),(580,133,142,'App\\Recibo','2021-08-31 11:11:41',1,'2021-08-31 11:11:41','2021-08-31 11:11:41'),(581,122,143,'App\\Recibo','2021-08-31 11:12:28',1,'2021-08-31 11:12:28','2021-08-31 11:12:28'),(582,107,144,'App\\Recibo','2021-08-31 11:13:33',1,'2021-08-31 11:13:33','2021-08-31 11:13:33'),(583,120,145,'App\\Recibo','2021-08-21 00:00:00',1,'2021-08-31 11:26:28','2021-09-06 10:34:49'),(584,97,146,'App\\Recibo','2021-08-31 11:34:26',1,'2021-08-31 11:34:26','2021-08-31 11:34:26'),(586,106,148,'App\\Recibo','2021-08-31 11:35:06',1,'2021-08-31 11:35:06','2021-08-31 11:35:06'),(587,122,149,'App\\Recibo','2021-08-31 11:37:06',1,'2021-08-31 11:37:06','2021-08-31 11:37:06'),(588,98,150,'App\\Recibo','2021-08-31 11:41:15',1,'2021-08-31 11:41:15','2021-08-31 11:41:15'),(589,114,151,'App\\Recibo','2021-08-31 11:42:10',1,'2021-08-31 11:42:10','2021-08-31 11:42:10'),(590,94,152,'App\\Recibo','2021-08-31 11:42:45',1,'2021-08-31 11:42:45','2021-08-31 11:42:45'),(592,93,154,'App\\Recibo','2021-08-31 11:46:53',1,'2021-08-31 11:46:53','2021-08-31 11:46:53'),(593,117,155,'App\\Recibo','2021-08-31 11:49:19',1,'2021-08-31 11:49:19','2021-08-31 11:49:19'),(594,111,156,'App\\Recibo','2021-08-31 11:49:41',1,'2021-08-31 11:49:41','2021-08-31 11:49:41'),(596,129,158,'App\\Recibo','2021-08-31 11:50:16',1,'2021-08-31 11:50:16','2021-08-31 11:50:16'),(597,112,159,'App\\Recibo','2021-08-31 11:50:40',1,'2021-08-31 11:50:40','2021-08-31 11:50:40'),(599,133,161,'App\\Recibo','2021-08-31 11:52:27',1,'2021-08-31 11:52:27','2021-08-31 11:52:27'),(600,124,162,'App\\Recibo','2021-08-31 11:53:11',1,'2021-08-31 11:53:11','2021-08-31 11:53:11'),(601,101,163,'App\\Recibo','2021-08-31 11:53:35',1,'2021-08-31 11:53:35','2021-08-31 11:53:35'),(603,136,165,'App\\Recibo','2021-08-31 11:58:09',1,'2021-08-31 11:58:09','2021-08-31 11:58:09'),(604,123,166,'App\\Recibo','2021-08-31 12:04:13',1,'2021-08-31 12:04:13','2021-08-31 12:04:13'),(605,132,167,'App\\Recibo','2021-08-31 12:04:48',1,'2021-08-31 12:04:48','2021-08-31 12:04:48'),(606,88,168,'App\\Recibo','2021-08-31 12:13:10',1,'2021-08-31 12:13:10','2021-08-31 12:13:10'),(607,131,169,'App\\Recibo','2021-08-31 12:13:32',1,'2021-08-31 12:13:32','2021-08-31 12:13:32'),(608,95,170,'App\\Recibo','2021-08-31 12:13:56',1,'2021-08-31 12:13:56','2021-08-31 12:13:56'),(609,138,171,'App\\Recibo','2021-08-31 12:14:25',1,'2021-08-31 12:14:25','2021-08-31 12:14:25'),(610,89,172,'App\\Recibo','2021-08-31 12:14:52',1,'2021-08-31 12:14:52','2021-08-31 12:14:52'),(611,116,173,'App\\Recibo','2021-08-31 12:16:22',1,'2021-08-31 12:16:22','2021-08-31 12:16:22'),(612,90,174,'App\\Recibo','2021-08-31 12:16:54',1,'2021-08-31 12:16:54','2021-08-31 12:16:54'),(614,142,176,'App\\Recibo','2021-08-31 12:18:06',1,'2021-08-31 12:18:06','2021-08-31 12:18:06'),(615,132,177,'App\\Recibo','2021-08-31 12:18:34',1,'2021-08-31 12:18:34','2021-08-31 12:18:34'),(616,105,178,'App\\Recibo','2021-08-31 12:19:00',1,'2021-08-31 12:19:00','2021-08-31 12:19:00'),(617,124,179,'App\\Recibo','2021-08-31 12:19:19',1,'2021-08-31 12:19:19','2021-08-31 12:19:19'),(618,146,180,'App\\Recibo','2021-08-31 12:19:41',1,'2021-08-31 12:19:41','2021-08-31 12:19:41'),(619,130,181,'App\\Recibo','2021-08-31 12:20:06',1,'2021-08-31 12:20:06','2021-08-31 12:20:06'),(620,135,182,'App\\Recibo','2021-08-31 12:20:51',1,'2021-08-31 12:20:51','2021-08-31 12:20:51'),(621,144,183,'App\\Recibo','2021-08-31 12:21:10',1,'2021-08-31 12:21:10','2021-08-31 12:21:10'),(622,140,184,'App\\Recibo','2021-08-31 12:21:34',1,'2021-08-31 12:21:34','2021-08-31 12:21:34'),(623,145,185,'App\\Recibo','2021-08-31 12:22:12',1,'2021-08-31 12:22:12','2021-08-31 12:22:12'),(624,145,186,'App\\Recibo','2021-08-31 12:23:58',1,'2021-08-31 12:23:58','2021-08-31 12:23:58'),(625,100,187,'App\\Recibo','2021-08-31 12:24:22',1,'2021-08-31 12:24:22','2021-08-31 12:24:22'),(626,139,188,'App\\Recibo','2021-08-31 12:24:43',1,'2021-08-31 12:24:43','2021-08-31 12:24:43'),(627,89,189,'App\\Recibo','2021-08-31 12:25:10',1,'2021-08-31 12:25:10','2021-08-31 12:25:10'),(628,134,190,'App\\Recibo','2021-08-31 12:25:54',1,'2021-08-31 12:25:54','2021-08-31 12:25:54'),(629,115,191,'App\\Recibo','2021-08-31 12:26:45',1,'2021-08-31 12:26:45','2021-08-31 12:26:45'),(631,132,193,'App\\Recibo','2021-08-31 12:29:09',1,'2021-08-31 12:29:09','2021-08-31 12:29:09'),(632,103,194,'App\\Recibo','2021-08-31 12:29:56',1,'2021-08-31 12:29:56','2021-08-31 12:29:56'),(635,38,439,'App\\Factura','2021-08-27 00:00:00',1,'2021-08-31 12:59:21','2021-09-06 10:03:02'),(638,77,197,'App\\Recibo','2021-08-31 13:04:57',1,'2021-08-31 13:04:57','2021-08-31 13:04:57'),(639,99,442,'App\\Factura','2021-08-31 13:05:49',1,'2021-08-31 13:05:49','2021-08-31 13:05:49'),(640,77,198,'App\\Recibo','2021-08-31 13:05:54',1,'2021-08-31 13:05:54','2021-08-31 13:05:54'),(641,11,199,'App\\Recibo','2021-08-31 13:07:08',1,'2021-08-31 13:07:08','2021-08-31 13:07:08'),(642,45,200,'App\\Recibo','2021-08-31 13:07:52',1,'2021-08-31 13:07:52','2021-08-31 13:07:52'),(643,99,201,'App\\Recibo','2021-08-31 13:08:08',1,'2021-08-31 13:08:08','2021-08-31 13:08:08'),(644,67,202,'App\\Recibo','2021-08-31 13:08:53',1,'2021-08-31 13:08:53','2021-08-31 13:08:53'),(645,119,203,'App\\Recibo','2021-08-31 13:09:48',1,'2021-08-31 13:09:48','2021-08-31 13:09:48'),(646,38,204,'App\\Recibo','2021-08-31 13:11:29',1,'2021-08-31 13:11:29','2021-08-31 13:11:29'),(647,38,205,'App\\Recibo','2021-08-31 13:12:26',1,'2021-08-31 13:12:26','2021-08-31 13:12:26'),(648,157,443,'App\\Factura','2021-08-31 13:43:38',1,'2021-08-31 13:43:38','2021-08-31 13:43:38'),(649,159,444,'App\\Factura','2021-08-31 13:46:47',1,'2021-08-31 13:46:47','2021-08-31 13:46:47'),(651,153,446,'App\\Factura','2021-08-31 13:48:21',1,'2021-08-31 13:48:21','2021-08-31 13:48:21'),(652,160,447,'App\\Factura','2021-08-31 13:49:18',1,'2021-08-31 13:49:18','2021-08-31 13:49:18'),(653,153,206,'App\\Recibo','2021-08-31 14:21:50',1,'2021-08-31 14:21:50','2021-08-31 14:21:50'),(654,157,207,'App\\Recibo','2021-08-31 14:22:22',1,'2021-08-31 14:22:22','2021-08-31 14:22:22'),(655,158,208,'App\\Recibo','2021-08-31 14:23:52',1,'2021-08-31 14:23:52','2021-08-31 14:23:52'),(656,158,448,'App\\Factura','2021-08-31 14:25:51',1,'2021-08-31 14:25:51','2021-08-31 14:25:51'),(657,158,209,'App\\Recibo','2021-08-31 14:26:26',1,'2021-08-31 14:26:26','2021-08-31 14:26:26'),(658,94,210,'App\\Recibo','2021-08-31 14:48:47',1,'2021-08-31 14:48:47','2021-08-31 14:48:47'),(659,30,211,'App\\Recibo','2021-08-31 15:33:16',1,'2021-08-31 15:33:16','2021-08-31 15:33:16'),(660,65,212,'App\\Recibo','2021-08-31 15:34:08',1,'2021-08-31 15:34:08','2021-08-31 15:34:08'),(661,17,213,'App\\Recibo','2021-08-31 15:35:10',1,'2021-08-31 15:35:10','2021-08-31 15:35:10'),(662,8,214,'App\\Recibo','2021-08-31 17:18:19',1,'2021-08-31 17:18:19','2021-08-31 17:18:19'),(671,169,221,'App\\Recibo','2021-09-02 12:45:26',1,'2021-09-02 12:45:26','2021-09-02 12:45:26'),(672,169,451,'App\\Factura','2021-06-01 00:00:00',1,'2021-06-01 13:08:39','2021-09-06 14:30:38'),(673,169,452,'App\\Factura','2021-06-01 00:00:00',1,'2021-06-01 13:08:39','2021-09-06 14:31:05'),(674,169,453,'App\\Factura','2021-06-01 00:00:00',1,'2021-06-01 13:08:39','2021-09-06 14:31:19'),(675,169,454,'App\\Factura','2021-06-01 00:00:00',1,'2021-06-01 13:08:39','2021-09-06 14:31:31'),(676,169,455,'App\\Factura','2021-07-01 00:00:00',1,'2021-07-01 13:08:39','2021-09-06 14:32:17'),(677,169,456,'App\\Factura','2021-07-01 00:00:00',1,'2021-07-01 13:08:39','2021-09-06 14:32:30'),(678,169,457,'App\\Factura','2021-07-01 00:00:00',1,'2021-07-01 13:08:39','2021-09-06 14:32:41'),(679,169,458,'App\\Factura','2021-07-01 00:00:00',1,'2021-07-01 13:08:39','2021-09-06 14:32:53'),(680,169,459,'App\\Factura','2021-07-01 00:00:00',1,'2021-07-01 13:08:39','2021-09-06 14:33:04'),(681,169,460,'App\\Factura','2021-06-01 00:00:00',1,'2021-07-01 13:08:39','2021-09-06 14:33:22'),(682,169,222,'App\\Recibo','2021-08-25 13:14:47',1,'2021-08-25 13:14:47','2021-09-02 13:14:47'),(683,169,223,'App\\Recibo','2021-08-25 13:14:47',1,'2021-08-25 13:14:47','2021-09-02 13:15:13'),(684,169,224,'App\\Recibo','2021-08-25 13:14:47',1,'2021-08-25 13:14:47','2021-09-02 13:15:48'),(685,169,225,'App\\Recibo','2021-08-25 13:14:47',1,'2021-08-25 13:14:47','2021-09-02 13:16:08'),(686,169,226,'App\\Recibo','2021-08-25 13:14:47',1,'2021-08-25 13:14:47','2021-09-02 13:16:32'),(687,169,227,'App\\Recibo','2021-08-25 13:14:47',1,'2021-08-25 13:14:47','2021-09-02 13:17:11'),(688,169,228,'App\\Recibo','2021-08-25 13:14:47',1,'2021-08-25 13:14:47','2021-09-02 13:17:39'),(689,169,229,'App\\Recibo','2021-08-25 13:14:47',1,'2021-08-25 13:14:47','2021-09-02 13:18:07'),(690,169,230,'App\\Recibo','2021-08-25 13:14:47',1,'2021-08-25 13:14:47','2021-09-02 13:18:28'),(691,169,231,'App\\Recibo','2021-08-25 13:14:47',1,'2021-08-25 13:14:47','2021-09-02 13:18:51'),(692,51,461,'App\\Factura','2021-09-02 13:40:55',1,'2021-09-02 13:40:55','2021-09-02 13:40:55'),(693,51,462,'App\\Factura','2021-09-02 13:41:28',1,'2021-09-02 13:41:28','2021-09-02 13:41:28'),(694,51,463,'App\\Factura','2021-09-02 13:41:57',1,'2021-09-02 13:41:57','2021-09-02 13:41:57'),(695,51,464,'App\\Factura','2021-09-02 13:42:36',1,'2021-09-02 13:42:36','2021-09-02 13:42:36'),(696,59,465,'App\\Factura','2021-09-06 09:31:07',1,'2021-09-06 09:31:07','2021-09-06 09:31:07'),(697,59,466,'App\\Factura','2021-09-06 09:31:34',1,'2021-09-06 09:31:34','2021-09-06 09:31:34'),(698,55,467,'App\\Factura','2021-09-03 00:00:00',1,'2021-09-06 09:32:00','2021-09-08 13:08:20'),(699,30,468,'App\\Factura','2021-09-06 09:32:25',1,'2021-09-06 09:32:25','2021-09-06 09:32:25'),(700,68,469,'App\\Factura','2021-09-06 09:32:55',1,'2021-09-06 09:32:55','2021-09-06 09:32:55'),(701,68,470,'App\\Factura','2021-09-06 09:33:27',1,'2021-09-06 09:33:27','2021-09-06 09:33:27'),(702,63,471,'App\\Factura','2021-09-03 00:00:00',1,'2021-09-06 09:33:49','2021-09-17 12:20:07'),(703,42,472,'App\\Factura','2021-09-03 00:00:00',1,'2021-09-06 09:34:13','2021-09-13 15:48:44'),(704,72,473,'App\\Factura','2021-09-06 09:34:42',1,'2021-09-06 09:34:42','2021-09-06 09:34:42'),(705,27,474,'App\\Factura','2021-09-06 09:35:09',1,'2021-09-06 09:35:09','2021-09-06 09:35:09'),(706,5,475,'App\\Factura','2021-09-06 09:35:33',1,'2021-09-06 09:35:33','2021-09-06 09:35:33'),(707,70,476,'App\\Factura','2021-09-06 09:35:57',1,'2021-09-06 09:35:57','2021-09-06 09:35:57'),(708,17,477,'App\\Factura','2021-09-06 09:36:16',1,'2021-09-06 09:36:16','2021-09-06 09:36:16'),(709,14,478,'App\\Factura','2021-09-06 09:36:38',1,'2021-09-06 09:36:38','2021-09-06 09:36:38'),(710,48,479,'App\\Factura','2021-09-06 09:37:00',1,'2021-09-06 09:37:00','2021-09-06 09:37:00'),(711,10,480,'App\\Factura','2021-09-03 00:00:00',1,'2021-09-06 09:37:32','2021-09-17 12:18:12'),(712,39,481,'App\\Factura','2021-09-06 09:38:21',1,'2021-09-06 09:38:21','2021-09-06 09:38:21'),(713,61,482,'App\\Factura','2021-09-03 00:00:00',1,'2021-09-06 09:38:51','2021-09-10 13:52:00'),(714,61,483,'App\\Factura','2021-09-03 00:00:00',1,'2021-09-06 09:39:14','2021-09-10 13:52:19'),(715,61,484,'App\\Factura','2021-09-03 00:00:00',1,'2021-09-06 09:39:34','2021-09-10 13:52:40'),(716,52,485,'App\\Factura','2021-09-03 00:00:00',1,'2021-09-06 09:40:35','2021-09-08 13:07:55'),(717,179,486,'App\\Factura','2021-09-03 00:00:00',1,'2021-09-06 09:43:36','2021-09-10 13:51:35'),(718,1,487,'App\\Factura','2021-09-04 00:00:00',1,'2021-09-06 09:44:04','2021-09-13 15:47:14'),(719,25,488,'App\\Factura','2021-09-04 00:00:00',1,'2021-09-06 09:44:26','2021-09-09 14:35:34'),(720,40,489,'App\\Factura','2021-09-06 09:44:58',1,'2021-09-06 09:44:58','2021-09-06 09:44:58'),(721,40,490,'App\\Factura','2021-09-06 09:45:23',1,'2021-09-06 09:45:23','2021-09-06 09:45:23'),(722,40,491,'App\\Factura','2021-09-06 09:45:42',1,'2021-09-06 09:45:42','2021-09-06 09:45:42'),(723,6,492,'App\\Factura','2021-09-06 09:46:03',1,'2021-09-06 09:46:03','2021-09-06 09:46:03'),(724,2,493,'App\\Factura','2021-09-06 09:46:35',1,'2021-09-06 09:46:35','2021-09-06 09:46:35'),(725,36,494,'App\\Factura','2021-09-06 09:47:29',1,'2021-09-06 09:47:29','2021-09-06 09:47:29'),(726,28,495,'App\\Factura','2021-09-04 00:00:00',1,'2021-09-06 09:47:59','2021-09-06 11:20:32'),(727,33,496,'App\\Factura','2021-09-04 00:00:00',1,'2021-09-06 09:48:30','2021-09-08 13:08:42'),(728,134,232,'App\\Recibo','2021-08-24 00:00:00',1,'2021-09-06 10:40:22','2021-09-06 11:39:48'),(729,110,233,'App\\Recibo','2021-08-24 00:00:00',1,'2021-09-06 10:41:15','2021-09-06 11:39:30'),(730,102,234,'App\\Recibo','2021-09-06 10:53:42',1,'2021-09-06 10:53:42','2021-09-06 10:53:42'),(731,104,235,'App\\Recibo','2021-09-06 10:56:40',1,'2021-09-06 10:56:40','2021-09-06 10:56:40'),(732,119,236,'App\\Recibo','2021-09-06 10:58:06',1,'2021-09-06 10:58:06','2021-09-06 10:58:06'),(733,142,237,'App\\Recibo','2021-09-06 10:58:58',1,'2021-09-06 10:58:58','2021-09-06 10:58:58'),(734,104,238,'App\\Recibo','2021-08-30 00:00:00',1,'2021-09-06 10:59:48','2021-09-06 12:02:44'),(735,122,239,'App\\Recibo','2021-08-30 00:00:00',1,'2021-09-06 11:00:11','2021-09-06 11:25:17'),(736,133,240,'App\\Recibo','2021-09-06 11:02:43',1,'2021-09-06 11:02:43','2021-09-06 11:02:43'),(737,73,241,'App\\Recibo','2021-09-06 11:04:04',1,'2021-09-06 11:04:04','2021-09-06 11:04:04'),(738,132,242,'App\\Recibo','2021-09-06 11:04:33',1,'2021-09-06 11:04:33','2021-09-06 11:04:33'),(739,73,243,'App\\Recibo','2021-09-06 11:04:34',1,'2021-09-06 11:04:34','2021-09-06 11:04:34'),(740,51,244,'App\\Recibo','2021-09-06 11:05:04',1,'2021-09-06 11:05:04','2021-09-06 11:05:04'),(741,51,245,'App\\Recibo','2021-09-06 11:05:47',1,'2021-09-06 11:05:47','2021-09-06 11:05:47'),(742,51,246,'App\\Recibo','2021-09-06 11:07:53',1,'2021-09-06 11:07:53','2021-09-06 11:07:53'),(743,67,247,'App\\Recibo','2021-09-06 11:08:20',1,'2021-09-06 11:08:20','2021-09-06 11:08:20'),(744,67,248,'App\\Recibo','2021-09-06 11:08:45',1,'2021-09-06 11:08:45','2021-09-06 11:08:45'),(745,54,249,'App\\Recibo','2021-09-06 11:09:24',1,'2021-09-06 11:09:24','2021-09-06 11:09:24'),(746,3,250,'App\\Recibo','2021-09-06 11:09:53',1,'2021-09-06 11:09:53','2021-09-06 11:09:53'),(747,28,251,'App\\Recibo','2021-09-06 11:10:29',1,'2021-09-06 11:10:29','2021-09-06 11:10:29'),(748,160,497,'App\\Factura','2021-09-06 11:15:43',1,'2021-09-06 11:15:43','2021-09-06 11:15:43'),(749,160,252,'App\\Recibo','2021-09-06 11:18:50',1,'2021-09-06 11:18:50','2021-09-06 11:18:50'),(750,159,253,'App\\Recibo','2021-09-06 11:19:20',1,'2021-09-06 11:19:20','2021-09-06 11:19:20'),(752,111,254,'App\\Recibo','2021-09-06 11:40:35',1,'2021-09-06 11:40:35','2021-09-06 11:40:35'),(753,169,499,'App\\Factura','2021-09-06 12:12:08',1,'2021-09-06 12:12:08','2021-09-06 12:12:08'),(754,169,500,'App\\Factura','2021-09-06 12:12:33',1,'2021-09-06 12:12:33','2021-09-06 12:12:33'),(755,169,501,'App\\Factura','2021-09-06 12:12:58',1,'2021-09-06 12:12:58','2021-09-06 12:12:58'),(756,169,502,'App\\Factura','2021-09-06 12:13:19',1,'2021-09-06 12:13:19','2021-09-06 12:13:19'),(757,169,503,'App\\Factura','2021-09-06 12:13:40',1,'2021-09-06 12:13:40','2021-09-06 12:13:40'),(758,163,504,'App\\Factura','2021-09-06 12:14:04',1,'2021-09-06 12:14:04','2021-09-06 12:14:04'),(759,165,505,'App\\Factura','2021-09-06 12:14:27',1,'2021-09-06 12:14:27','2021-09-06 12:14:27'),(760,165,506,'App\\Factura','2021-09-06 12:14:49',1,'2021-09-06 12:14:49','2021-09-06 12:14:49'),(761,165,507,'App\\Factura','2021-09-06 12:15:10',1,'2021-09-06 12:15:10','2021-09-06 12:15:10'),(762,165,508,'App\\Factura','2021-09-06 12:15:37',1,'2021-09-06 12:15:37','2021-09-06 12:15:37'),(763,162,509,'App\\Factura','2021-09-06 12:15:57',1,'2021-09-06 12:15:57','2021-09-06 12:15:57'),(764,167,510,'App\\Factura','2021-09-06 12:16:23',1,'2021-09-06 12:16:23','2021-09-06 12:16:23'),(765,164,511,'App\\Factura','2021-09-01 00:00:00',1,'2021-09-06 12:16:44','2021-09-07 18:17:23'),(766,168,512,'App\\Factura','2021-09-06 12:17:09',1,'2021-09-06 12:17:09','2021-09-06 12:17:09'),(767,161,513,'App\\Factura','2021-09-01 00:00:00',1,'2021-09-06 12:17:30','2021-09-06 14:34:26'),(768,161,255,'App\\Recibo','2021-09-06 14:34:13',1,'2021-09-06 14:34:13','2021-09-06 14:34:13'),(769,124,514,'App\\Factura','2021-09-07 12:11:35',1,'2021-09-07 12:11:35','2021-09-07 12:11:35'),(770,131,515,'App\\Factura','2021-09-07 12:12:09',1,'2021-09-07 12:12:09','2021-09-07 12:12:09'),(771,132,516,'App\\Factura','2021-09-07 12:12:41',1,'2021-09-07 12:12:41','2021-09-07 12:12:41'),(772,132,517,'App\\Factura','2021-09-07 12:13:47',1,'2021-09-07 12:13:47','2021-09-07 12:13:47'),(773,133,518,'App\\Factura','2021-09-07 12:14:33',1,'2021-09-07 12:14:33','2021-09-07 12:14:33'),(774,133,519,'App\\Factura','2021-09-07 12:15:27',1,'2021-09-07 12:15:27','2021-09-07 12:15:27'),(775,123,520,'App\\Factura','2021-09-07 12:16:04',1,'2021-09-07 12:16:04','2021-09-07 12:16:04'),(776,122,521,'App\\Factura','2021-09-07 12:17:15',1,'2021-09-07 12:17:15','2021-09-07 12:17:15'),(777,146,522,'App\\Factura','2021-09-07 12:25:39',1,'2021-09-07 12:25:39','2021-09-07 12:25:39'),(778,110,523,'App\\Factura','2021-09-07 12:26:22',1,'2021-09-07 12:26:22','2021-09-07 12:26:22'),(779,102,524,'App\\Factura','2021-09-07 12:26:52',1,'2021-09-07 12:26:52','2021-09-07 12:26:52'),(780,98,525,'App\\Factura','2021-09-07 12:27:28',1,'2021-09-07 12:27:28','2021-09-07 12:27:28'),(781,145,526,'App\\Factura','2021-09-07 12:27:57',1,'2021-09-07 12:27:57','2021-09-07 12:27:57'),(782,105,527,'App\\Factura','2021-09-07 12:28:26',1,'2021-09-07 12:28:26','2021-09-07 12:28:26'),(783,114,528,'App\\Factura','2021-09-07 12:28:57',1,'2021-09-07 12:28:57','2021-09-07 12:28:57'),(784,139,529,'App\\Factura','2021-09-07 12:29:20',1,'2021-09-07 12:29:20','2021-09-07 12:29:20'),(785,88,530,'App\\Factura','2021-09-07 12:29:46',1,'2021-09-07 12:29:46','2021-09-07 12:29:46'),(786,119,531,'App\\Factura','2021-09-07 12:30:24',1,'2021-09-07 12:30:24','2021-09-07 12:30:24'),(787,107,532,'App\\Factura','2021-09-07 12:31:01',1,'2021-09-07 12:31:01','2021-09-07 12:31:01'),(788,126,533,'App\\Factura','2021-09-07 12:31:26',1,'2021-09-07 12:31:26','2021-09-07 12:31:26'),(789,101,534,'App\\Factura','2021-09-07 12:31:56',1,'2021-09-07 12:31:56','2021-09-07 12:31:56'),(790,104,535,'App\\Factura','2021-09-07 12:32:18',1,'2021-09-07 12:32:18','2021-09-07 12:32:18'),(791,129,536,'App\\Factura','2021-09-07 12:32:45',1,'2021-09-07 12:32:45','2021-09-07 12:32:45'),(792,136,537,'App\\Factura','2021-09-07 12:33:10',1,'2021-09-07 12:33:10','2021-09-07 12:33:10'),(793,93,538,'App\\Factura','2021-09-07 12:33:40',1,'2021-09-07 12:33:40','2021-09-07 12:33:40'),(794,113,539,'App\\Factura','2021-09-07 12:34:09',1,'2021-09-07 12:34:09','2021-09-07 12:34:09'),(795,177,540,'App\\Factura','2021-09-02 00:00:00',1,'2021-09-07 12:34:30','2021-09-07 12:35:06'),(796,117,541,'App\\Factura','2021-09-04 00:00:00',1,'2021-09-07 12:35:56','2021-09-07 12:43:47'),(797,180,542,'App\\Factura','2021-09-07 12:43:32',1,'2021-09-07 12:43:32','2021-09-07 12:43:32'),(798,97,256,'App\\Recibo','2021-09-07 12:51:25',1,'2021-09-07 12:51:25','2021-09-07 12:51:25'),(799,106,257,'App\\Recibo','2021-09-07 12:51:51',1,'2021-09-07 12:51:51','2021-09-07 12:51:51'),(800,147,258,'App\\Recibo','2021-09-07 12:52:35',1,'2021-09-07 12:52:35','2021-09-07 12:52:35'),(801,121,259,'App\\Recibo','2021-09-07 12:53:05',1,'2021-09-07 12:53:05','2021-09-07 12:53:05'),(802,118,260,'App\\Recibo','2021-09-07 12:53:46',1,'2021-09-07 12:53:46','2021-09-07 12:53:46'),(803,118,543,'App\\Factura','2021-09-07 12:55:28',1,'2021-09-07 12:55:28','2021-09-07 12:55:28'),(804,118,261,'App\\Recibo','2021-09-07 12:56:01',1,'2021-09-07 12:56:01','2021-09-07 12:56:01'),(805,98,262,'App\\Recibo','2021-09-07 12:56:27',1,'2021-09-07 12:56:27','2021-09-07 12:56:27'),(806,98,263,'App\\Recibo','2021-09-07 12:56:58',1,'2021-09-07 12:56:58','2021-09-07 12:56:58'),(807,114,264,'App\\Recibo','2021-09-07 12:57:28',1,'2021-09-07 12:57:28','2021-09-07 12:57:28'),(808,177,265,'App\\Recibo','2021-09-07 12:58:38',1,'2021-09-07 12:58:38','2021-09-07 12:58:38'),(809,153,544,'App\\Factura','2021-09-07 13:01:54',1,'2021-09-07 13:01:54','2021-09-07 13:01:54'),(810,159,545,'App\\Factura','2021-09-07 13:02:46',1,'2021-09-07 13:02:46','2021-09-07 13:02:46'),(811,159,266,'App\\Recibo','2021-09-07 13:04:11',1,'2021-09-07 13:04:11','2021-09-07 13:04:11'),(812,132,267,'App\\Recibo','2021-09-03 00:00:00',1,'2021-09-07 13:06:14','2021-09-07 13:06:24'),(813,133,268,'App\\Recibo','2021-09-07 13:06:52',1,'2021-09-07 13:06:52','2021-09-07 13:06:52'),(814,110,269,'App\\Recibo','2021-09-07 13:08:31',1,'2021-09-07 13:08:31','2021-09-07 13:08:31'),(815,39,546,'App\\Factura','2021-09-07 17:05:45',1,'2021-09-07 17:05:45','2021-09-07 17:05:45'),(816,58,547,'App\\Factura','2021-09-07 17:06:12',1,'2021-09-07 17:06:12','2021-09-07 17:06:12'),(817,35,548,'App\\Factura','2021-09-06 00:00:00',1,'2021-09-07 17:06:45','2021-09-13 15:48:08'),(818,35,549,'App\\Factura','2021-09-06 00:00:00',1,'2021-09-07 17:07:18','2021-09-13 15:48:25'),(819,46,550,'App\\Factura','2021-09-07 17:07:49',1,'2021-09-07 17:07:49','2021-09-07 17:07:49'),(820,4,551,'App\\Factura','2021-09-06 00:00:00',1,'2021-09-07 17:08:20','2021-09-08 13:09:07'),(821,66,552,'App\\Factura','2021-09-07 17:08:48',1,'2021-09-07 17:08:48','2021-09-07 17:08:48'),(822,16,553,'App\\Factura','2021-09-07 17:09:13',1,'2021-09-07 17:09:13','2021-09-07 17:09:13'),(823,86,554,'App\\Factura','2021-09-06 00:00:00',1,'2021-09-07 17:09:42','2021-09-17 12:18:30'),(824,54,555,'App\\Factura','2021-09-07 17:10:14',1,'2021-09-07 17:10:14','2021-09-07 17:10:14'),(825,50,556,'App\\Factura','2021-09-06 00:00:00',1,'2021-09-07 17:10:51','2021-09-17 12:19:04'),(826,29,557,'App\\Factura','2021-09-06 00:00:00',1,'2021-09-07 17:11:16','2021-09-09 14:35:04'),(827,31,558,'App\\Factura','2021-09-07 17:11:43',1,'2021-09-07 17:11:43','2021-09-07 17:11:43'),(828,20,559,'App\\Factura','2021-09-07 17:12:11',1,'2021-09-07 17:12:11','2021-09-07 17:12:11'),(829,71,560,'App\\Factura','2021-09-06 00:00:00',1,'2021-09-07 17:12:38','2021-09-17 12:18:48'),(830,13,561,'App\\Factura','2021-09-07 00:00:00',1,'2021-09-07 17:13:08','2021-09-17 12:20:26'),(831,69,562,'App\\Factura','2021-09-07 17:13:37',1,'2021-09-07 17:13:37','2021-09-07 17:13:37'),(832,7,563,'App\\Factura','2021-09-07 00:00:00',1,'2021-09-07 17:14:12','2021-09-08 13:07:37'),(833,9,564,'App\\Factura','2021-09-07 17:14:41',1,'2021-09-07 17:14:41','2021-09-07 17:14:41'),(834,9,565,'App\\Factura','2021-09-07 17:15:07',1,'2021-09-07 17:15:07','2021-09-07 17:15:07'),(835,26,566,'App\\Factura','2021-09-07 00:00:00',1,'2021-09-07 17:15:34','2021-09-17 12:19:24'),(836,11,567,'App\\Factura','2021-09-07 17:16:02',1,'2021-09-07 17:16:02','2021-09-07 17:16:02'),(837,45,568,'App\\Factura','2021-09-07 17:16:27',1,'2021-09-07 17:16:27','2021-09-07 17:16:27'),(838,172,569,'App\\Factura','2021-09-07 17:16:50',1,'2021-09-07 17:16:50','2021-09-07 17:16:50'),(839,64,570,'App\\Factura','2021-09-07 17:17:11',1,'2021-09-07 17:17:11','2021-09-07 17:17:11'),(840,8,571,'App\\Factura','2021-09-07 17:17:34',1,'2021-09-07 17:17:34','2021-09-07 17:17:34'),(841,32,572,'App\\Factura','2021-09-07 17:17:55',1,'2021-09-07 17:17:55','2021-09-07 17:17:55'),(842,32,573,'App\\Factura','2021-09-07 17:18:21',1,'2021-09-07 17:18:21','2021-09-07 17:18:21'),(843,32,574,'App\\Factura','2021-09-07 17:18:52',1,'2021-09-07 17:18:52','2021-09-07 17:18:52'),(844,32,575,'App\\Factura','2021-09-07 17:19:15',1,'2021-09-07 17:19:15','2021-09-07 17:19:15'),(845,32,576,'App\\Factura','2021-09-07 17:19:42',1,'2021-09-07 17:19:42','2021-09-07 17:19:42'),(846,49,577,'App\\Factura','2021-09-07 17:20:05',1,'2021-09-07 17:20:05','2021-09-07 17:20:05'),(847,41,578,'App\\Factura','2021-09-07 17:20:28',1,'2021-09-07 17:20:28','2021-09-07 17:20:28'),(848,47,579,'App\\Factura','2021-09-07 17:20:53',1,'2021-09-07 17:20:53','2021-09-07 17:20:53'),(849,59,580,'App\\Factura','2021-09-07 00:00:00',1,'2021-09-07 17:21:15','2021-09-17 12:21:11'),(850,59,581,'App\\Factura','2021-09-07 00:00:00',1,'2021-09-07 17:21:34','2021-09-17 12:21:30'),(851,59,582,'App\\Factura','2021-09-07 00:00:00',1,'2021-09-07 17:21:55','2021-09-17 12:21:48'),(852,59,583,'App\\Factura','2021-09-07 00:00:00',1,'2021-09-07 17:22:19','2021-09-17 12:22:17'),(853,59,584,'App\\Factura','2021-09-07 00:00:00',1,'2021-09-07 17:22:42','2021-09-17 12:22:41'),(854,67,585,'App\\Factura','2021-09-07 17:23:02',1,'2021-09-07 17:23:02','2021-09-07 17:23:02'),(855,19,586,'App\\Factura','2021-09-07 17:23:32',1,'2021-09-07 17:23:32','2021-09-07 17:23:32'),(856,44,587,'App\\Factura','2021-09-07 17:23:52',1,'2021-09-07 17:23:52','2021-09-07 17:23:52'),(857,182,588,'App\\Factura','2021-09-07 17:25:44',1,'2021-09-07 17:25:44','2021-09-07 17:25:44'),(858,37,270,'App\\Recibo','2021-09-07 17:43:11',1,'2021-09-07 17:43:11','2021-09-07 17:43:11'),(859,15,271,'App\\Recibo','2021-09-07 17:43:44',1,'2021-09-07 17:43:44','2021-09-07 17:43:44'),(860,5,272,'App\\Recibo','2021-09-07 17:44:22',1,'2021-09-07 17:44:22','2021-09-07 17:44:22'),(861,53,273,'App\\Recibo','2021-09-07 17:44:51',1,'2021-09-07 17:44:51','2021-09-07 17:44:51'),(862,6,274,'App\\Recibo','2021-09-07 17:45:20',1,'2021-09-07 17:45:20','2021-09-07 17:45:20'),(863,164,275,'App\\Recibo','2021-09-07 18:15:34',1,'2021-09-07 18:15:34','2021-09-07 18:15:34'),(864,164,276,'App\\Recibo','2021-09-07 18:15:59',1,'2021-09-07 18:15:59','2021-09-07 18:15:59'),(865,116,589,'App\\Factura','2021-09-08 11:54:43',1,'2021-09-08 11:54:43','2021-09-08 11:54:43'),(866,116,277,'App\\Recibo','2021-09-08 11:55:10',1,'2021-09-08 11:55:10','2021-09-08 11:55:10'),(867,91,590,'App\\Factura','2021-09-08 11:56:57',1,'2021-09-08 11:56:57','2021-09-08 11:56:57'),(868,7,278,'App\\Recibo','2021-09-08 13:03:41',1,'2021-09-08 13:03:41','2021-09-08 13:03:41'),(869,52,279,'App\\Recibo','2021-09-08 13:04:31',1,'2021-09-08 13:04:31','2021-09-08 13:04:31'),(870,55,280,'App\\Recibo','2021-09-08 13:05:20',1,'2021-09-08 13:05:20','2021-09-08 13:05:20'),(871,33,281,'App\\Recibo','2021-09-08 13:06:00',1,'2021-09-08 13:06:00','2021-09-08 13:06:00'),(872,4,282,'App\\Recibo','2021-09-08 13:06:24',1,'2021-09-08 13:06:24','2021-09-08 13:06:24'),(873,70,283,'App\\Recibo','2021-09-08 13:07:00',1,'2021-09-08 13:07:00','2021-09-08 13:07:00'),(874,29,284,'App\\Recibo','2021-09-09 14:27:19',1,'2021-09-09 14:27:19','2021-09-09 14:27:19'),(875,25,285,'App\\Recibo','2021-09-09 14:27:46',1,'2021-09-09 14:27:46','2021-09-09 14:27:46'),(876,183,591,'App\\Factura','2021-09-10 11:07:07',1,'2021-09-10 11:07:07','2021-09-10 11:07:07'),(877,134,592,'App\\Factura','2021-09-10 11:07:37',1,'2021-09-10 11:07:37','2021-09-10 11:07:37'),(878,100,593,'App\\Factura','2021-09-10 11:08:13',1,'2021-09-10 11:08:13','2021-09-10 11:08:13'),(879,112,594,'App\\Factura','2021-09-10 11:09:14',1,'2021-09-10 11:09:14','2021-09-10 11:09:14'),(881,103,596,'App\\Factura','2021-09-10 11:18:16',1,'2021-09-10 11:18:16','2021-09-10 11:18:16'),(882,136,286,'App\\Recibo','2021-09-10 11:27:37',1,'2021-09-10 11:27:37','2021-09-10 11:27:37'),(883,107,287,'App\\Recibo','2021-09-10 11:28:12',1,'2021-09-10 11:28:12','2021-09-10 11:28:12'),(884,122,288,'App\\Recibo','2021-09-07 00:00:00',1,'2021-09-10 12:06:26','2021-09-19 00:05:27'),(885,136,289,'App\\Recibo','2021-09-10 13:16:03',1,'2021-09-10 13:16:03','2021-09-10 13:16:03'),(886,160,597,'App\\Factura','2021-09-10 13:39:42',1,'2021-09-10 13:39:42','2021-09-10 13:39:42'),(887,9,290,'App\\Recibo','2021-09-10 13:47:08',1,'2021-09-10 13:47:08','2021-09-10 13:47:08'),(888,174,291,'App\\Recibo','2021-09-09 00:00:00',1,'2021-09-10 13:47:38','2021-09-10 13:50:48'),(889,179,292,'App\\Recibo','2021-09-10 13:48:04',1,'2021-09-10 13:48:04','2021-09-10 13:48:04'),(890,61,293,'App\\Recibo','2021-09-10 13:48:33',1,'2021-09-10 13:48:33','2021-09-10 13:48:33'),(891,61,294,'App\\Recibo','2021-09-10 13:48:54',1,'2021-09-10 13:48:54','2021-09-10 13:48:54'),(892,61,295,'App\\Recibo','2021-09-10 13:49:18',1,'2021-09-10 13:49:18','2021-09-10 13:49:18'),(893,170,598,'App\\Factura','2021-09-10 00:00:00',1,'2021-09-13 15:30:36','2021-09-23 02:56:42'),(894,2,296,'App\\Recibo','2021-09-13 15:42:07',1,'2021-09-13 15:42:07','2021-09-13 15:42:07'),(895,5,297,'App\\Recibo','2021-09-13 15:43:24',1,'2021-09-13 15:43:24','2021-09-13 15:43:24'),(896,1,298,'App\\Recibo','2021-09-13 15:43:53',1,'2021-09-13 15:43:53','2021-09-13 15:43:53'),(897,72,299,'App\\Recibo','2021-09-13 15:44:16',1,'2021-09-13 15:44:16','2021-09-13 15:44:16'),(898,35,300,'App\\Recibo','2021-09-13 15:44:44',1,'2021-09-13 15:44:44','2021-09-13 15:44:44'),(899,35,301,'App\\Recibo','2021-09-13 15:45:16',1,'2021-09-13 15:45:16','2021-09-13 15:45:16'),(900,42,302,'App\\Recibo','2021-09-13 15:45:49',1,'2021-09-13 15:45:49','2021-09-13 15:45:49'),(901,10,303,'App\\Recibo','2021-09-17 12:10:23',1,'2021-09-17 12:10:23','2021-09-17 12:10:23'),(902,86,304,'App\\Recibo','2021-09-17 12:10:49',1,'2021-09-17 12:10:49','2021-09-17 12:10:49'),(903,71,305,'App\\Recibo','2021-09-17 12:11:44',1,'2021-09-17 12:11:44','2021-09-17 12:11:44'),(904,50,306,'App\\Recibo','2021-09-17 12:12:26',1,'2021-09-17 12:12:26','2021-09-17 12:12:26'),(905,26,307,'App\\Recibo','2021-09-17 12:12:51',1,'2021-09-17 12:12:51','2021-09-17 12:12:51'),(906,8,308,'App\\Recibo','2021-09-17 12:13:20',1,'2021-09-17 12:13:20','2021-09-17 12:13:20'),(907,26,309,'App\\Recibo','2021-09-17 12:13:46',1,'2021-09-17 12:13:46','2021-09-17 12:13:46'),(908,63,310,'App\\Recibo','2021-09-17 12:14:15',1,'2021-09-17 12:14:15','2021-09-17 12:14:15'),(909,13,311,'App\\Recibo','2021-09-17 12:14:42',1,'2021-09-17 12:14:42','2021-09-17 12:14:42'),(910,173,312,'App\\Recibo','2021-09-17 12:15:33',1,'2021-09-17 12:15:33','2021-09-17 12:15:33'),(911,59,313,'App\\Recibo','2021-09-17 12:16:04',1,'2021-09-17 12:16:04','2021-09-17 12:16:04'),(912,59,314,'App\\Recibo','2021-09-17 12:16:25',1,'2021-09-17 12:16:25','2021-09-17 12:16:25'),(913,59,315,'App\\Recibo','2021-09-17 12:16:45',1,'2021-09-17 12:16:45','2021-09-17 12:16:45'),(914,59,316,'App\\Recibo','2021-09-17 12:17:07',1,'2021-09-17 12:17:07','2021-09-17 12:17:07'),(915,59,317,'App\\Recibo','2021-09-17 00:00:00',1,'2021-09-17 12:17:29','2021-09-23 04:01:36');

/*Table structure for table `modulos` */

DROP TABLE IF EXISTS `modulos`;

CREATE TABLE `modulos` (
  `id` int(11) NOT NULL AUTO_INCREMENT,
  `nombre` varchar(255) NOT NULL,
  `created_at` datetime DEFAULT NULL,
  `updated_at` datetime DEFAULT NULL,
  PRIMARY KEY (`id`)
) ENGINE=InnoDB AUTO_INCREMENT=10 DEFAULT CHARSET=utf8mb4;

/*Data for the table `modulos` */

insert  into `modulos`(`id`,`nombre`,`created_at`,`updated_at`) values (1,'Clientes','2021-09-22 13:09:26',NULL),(2,'Facturas','2021-09-22 13:09:26',NULL),(3,'Facturas canceladas','2021-09-22 13:09:26',NULL),(4,'Notas de crédito','2021-09-22 13:09:26',NULL),(5,'Pagos','2021-09-22 13:09:26',NULL),(6,'Cobranza','2021-09-22 13:09:26',NULL),(7,'Mi perfil','2021-09-22 13:09:26',NULL),(8,'Razones','2021-09-22 13:09:26',NULL),(9,'Usuarios','2021-09-22 13:09:26',NULL);

/*Table structure for table `permiso_user` */

DROP TABLE IF EXISTS `permiso_user`;

CREATE TABLE `permiso_user` (
  `id` int(11) NOT NULL AUTO_INCREMENT,
  `permiso_id` int(11) NOT NULL,
  `user_id` int(11) NOT NULL,
  `created_at` datetime DEFAULT NULL,
  `updated_at` datetime DEFAULT NULL,
  PRIMARY KEY (`id`),
  KEY `permiso_id` (`permiso_id`),
  KEY `user_id` (`user_id`),
  CONSTRAINT `permiso_user_ibfk_1` FOREIGN KEY (`permiso_id`) REFERENCES `permisos` (`id`) ON DELETE CASCADE ON UPDATE CASCADE,
  CONSTRAINT `permiso_user_ibfk_2` FOREIGN KEY (`user_id`) REFERENCES `users` (`id`) ON DELETE CASCADE ON UPDATE CASCADE
) ENGINE=InnoDB AUTO_INCREMENT=59 DEFAULT CHARSET=utf8mb4;

/*Data for the table `permiso_user` */

insert  into `permiso_user`(`id`,`permiso_id`,`user_id`,`created_at`,`updated_at`) values (5,1,1,NULL,NULL),(6,2,1,NULL,NULL),(7,3,1,NULL,NULL),(8,4,1,NULL,NULL),(9,5,1,NULL,NULL),(10,6,1,NULL,NULL),(11,7,1,NULL,NULL),(12,8,1,NULL,NULL),(13,9,1,NULL,NULL),(14,10,1,NULL,NULL),(15,11,1,NULL,NULL),(16,12,1,NULL,NULL),(17,13,1,NULL,NULL),(18,14,1,NULL,NULL),(19,15,1,NULL,NULL),(20,16,1,NULL,NULL),(21,17,1,NULL,NULL),(22,18,1,NULL,NULL),(23,15,11,NULL,NULL),(25,16,11,NULL,NULL),(26,1,11,NULL,NULL),(27,2,11,NULL,NULL),(28,3,11,NULL,NULL),(29,4,11,NULL,NULL),(30,5,11,NULL,NULL),(31,6,11,NULL,NULL),(32,7,11,NULL,NULL),(33,9,11,NULL,NULL),(34,10,11,NULL,NULL),(46,1,13,NULL,NULL),(47,3,13,NULL,NULL),(48,5,13,NULL,NULL),(49,7,13,NULL,NULL),(50,9,13,NULL,NULL),(51,11,13,NULL,NULL),(52,13,13,NULL,NULL),(53,15,13,NULL,NULL),(54,17,13,NULL,NULL),(55,1,5,NULL,NULL),(56,2,5,NULL,NULL);

/*Table structure for table `permisos` */

DROP TABLE IF EXISTS `permisos`;

CREATE TABLE `permisos` (
  `id` int(11) NOT NULL AUTO_INCREMENT,
  `modulo_id` int(11) NOT NULL,
  `nombre` varchar(50) NOT NULL,
  `alias` varchar(30) NOT NULL,
  `created_at` datetime DEFAULT NULL,
  `updated_at` datetime DEFAULT NULL,
  PRIMARY KEY (`id`),
  KEY `modulo_id` (`modulo_id`),
  CONSTRAINT `permisos_ibfk_1` FOREIGN KEY (`modulo_id`) REFERENCES `modulos` (`id`) ON DELETE CASCADE ON UPDATE CASCADE
) ENGINE=InnoDB AUTO_INCREMENT=20 DEFAULT CHARSET=utf8mb4;

/*Data for the table `permisos` */

insert  into `permisos`(`id`,`modulo_id`,`nombre`,`alias`,`created_at`,`updated_at`) values (1,1,'Clientes (Ver)','clientes_ver','2021-09-22 03:26:07',NULL),(2,1,'Clientes (Editar)','clientes_editar','2021-09-22 03:26:07',NULL),(3,2,'Facturas (Ver)','facturas_ver','2021-09-22 03:26:07',NULL),(4,2,'Facturas (Editar)','facturas_editar','2021-09-22 03:26:07',NULL),(5,3,'Facturas canceladas (Ver)','facturas_canceladas_ver','2021-09-22 03:26:07',NULL),(6,3,'Facturas canceladas (Editar)','facturas_canceladas_editar','2021-09-22 03:26:07',NULL),(7,4,'Notas de crédito (Ver)','notas_de_credito_ver','2021-09-22 03:26:07',NULL),(8,4,'Notas de crédito (Editar)','notas_de_credito_editar','2021-09-22 03:26:07',NULL),(9,5,'Pagos (Ver)','pagos_ver','2021-09-22 03:26:07',NULL),(10,5,'Pagos (Editar)','pagos_editar','2021-09-22 03:26:07',NULL),(11,6,'Cobranza (Ver)','cobranza_ver','2021-09-22 03:26:07',NULL),(12,6,'Cobranza (Editar)','cobranza_editar','2021-09-22 03:26:07',NULL),(13,7,'Mi perfil (Ver)','mi_perfil_ver','2021-09-22 03:26:07',NULL),(14,7,'Mi perfil (Editar)','mi_perfil_editar','2021-09-22 03:26:07',NULL),(15,8,'Razones sociales (Ver)','razones_ver','2021-09-22 03:26:07',NULL),(16,8,'Razones sociales (Editar)','razones_editar','2021-09-22 03:26:07',NULL),(17,9,'Usuarios (Ver)','usuarios_ver','2021-09-22 03:26:07',NULL),(18,9,'Usuarios (Editar)','usuarios_editar','2021-09-22 03:26:07',NULL);

/*Table structure for table `razones_sociales` */

DROP TABLE IF EXISTS `razones_sociales`;

CREATE TABLE `razones_sociales` (
  `id` int(11) NOT NULL AUTO_INCREMENT,
  `nombre` varchar(255) NOT NULL,
  `created_at` datetime DEFAULT NULL,
  `updated_at` datetime DEFAULT NULL,
  PRIMARY KEY (`id`)
) ENGINE=InnoDB AUTO_INCREMENT=5 DEFAULT CHARSET=utf8mb4;

/*Data for the table `razones_sociales` */

insert  into `razones_sociales`(`id`,`nombre`,`created_at`,`updated_at`) values (1,'AVANCE','2021-06-03 18:17:10','2021-06-03 18:17:10'),(2,'AZULIM LEON ','2021-06-03 18:17:10','2021-06-03 18:17:10'),(3,'AZULIM GDL','2021-06-03 18:17:10','2021-06-03 18:17:10'),(4,'COLOSAL','2021-06-28 15:37:45','2021-06-28 15:37:45');

/*Table structure for table `razones_user` */

DROP TABLE IF EXISTS `razones_user`;

CREATE TABLE `razones_user` (
  `id` int(11) NOT NULL AUTO_INCREMENT,
  `razon_social_id` int(11) NOT NULL,
  `user_id` int(11) NOT NULL,
  `created_at` datetime DEFAULT NULL,
  `updated_at` datetime DEFAULT NULL,
  PRIMARY KEY (`id`),
  KEY `razon_social_id` (`razon_social_id`),
  KEY `user_id` (`user_id`),
  CONSTRAINT `razones_user_ibfk_1` FOREIGN KEY (`razon_social_id`) REFERENCES `razones_sociales` (`id`) ON DELETE CASCADE ON UPDATE CASCADE,
  CONSTRAINT `razones_user_ibfk_2` FOREIGN KEY (`user_id`) REFERENCES `users` (`id`) ON DELETE CASCADE ON UPDATE CASCADE
) ENGINE=InnoDB AUTO_INCREMENT=9 DEFAULT CHARSET=utf8mb4;

/*Data for the table `razones_user` */

insert  into `razones_user`(`id`,`razon_social_id`,`user_id`,`created_at`,`updated_at`) values (1,4,13,NULL,NULL),(2,1,13,NULL,NULL),(5,1,1,NULL,NULL),(6,2,1,NULL,NULL),(7,3,1,NULL,NULL),(8,4,1,NULL,NULL);

/*Table structure for table `recibos` */

DROP TABLE IF EXISTS `recibos`;

CREATE TABLE `recibos` (
  `id` int(11) NOT NULL AUTO_INCREMENT,
  `tipo_recibo_id` int(11) NOT NULL COMMENT 'Nota de crédito o pago',
  `cliente_id` int(11) NOT NULL,
  `factura_id` int(11) NOT NULL COMMENT 'Número de factura',
  `folio` varchar(255) DEFAULT NULL,
  `importe` varchar(30) DEFAULT NULL,
  `fecha_pago` date DEFAULT NULL,
  `created_at` datetime DEFAULT NULL,
  `updated_at` datetime DEFAULT NULL,
  PRIMARY KEY (`id`),
  KEY `tipo_recibo_id` (`tipo_recibo_id`),
  KEY `cliente_id` (`cliente_id`),
  KEY `factura_id` (`factura_id`),
  CONSTRAINT `recibos_ibfk_1` FOREIGN KEY (`tipo_recibo_id`) REFERENCES `tipo_recibos` (`id`) ON DELETE CASCADE ON UPDATE CASCADE,
  CONSTRAINT `recibos_ibfk_2` FOREIGN KEY (`cliente_id`) REFERENCES `clientes` (`id`) ON DELETE CASCADE ON UPDATE CASCADE,
  CONSTRAINT `recibos_ibfk_3` FOREIGN KEY (`factura_id`) REFERENCES `facturas` (`id`) ON DELETE CASCADE ON UPDATE CASCADE
) ENGINE=InnoDB AUTO_INCREMENT=318 DEFAULT CHARSET=utf8mb4;

/*Data for the table `recibos` */

insert  into `recibos`(`id`,`tipo_recibo_id`,`cliente_id`,`factura_id`,`folio`,`importe`,`fecha_pago`,`created_at`,`updated_at`) values (4,2,27,58,'1','21205.80','2021-08-03','2021-08-30 16:42:34','2021-08-30 16:42:34'),(5,2,9,32,'1','25300','2021-08-03','2021-08-30 16:46:20','2021-08-30 16:46:20'),(6,2,52,280,'1','6960','2021-08-03','2021-08-30 16:49:00','2021-08-30 16:49:00'),(7,2,57,135,'1','27500','2021-08-03','2021-08-30 16:50:44','2021-08-30 16:50:44'),(8,2,33,291,'1','20487.51','2021-08-03','2021-08-30 16:53:35','2021-08-30 16:53:35'),(9,2,37,109,'1','12834.37','2021-08-04','2021-08-30 16:54:21','2021-08-30 16:54:21'),(10,2,54,134,'1','19786.14','2021-08-04','2021-08-30 16:55:13','2021-08-30 16:55:13'),(11,2,81,57,'1','27840','2021-08-05','2021-08-30 16:56:04','2021-08-30 16:56:04'),(12,2,55,261,'1','14500','2021-08-05','2021-08-30 16:58:08','2021-08-30 16:58:08'),(13,2,3,15,'1','29000','2021-08-05','2021-08-30 16:58:57','2021-08-30 16:58:57'),(14,2,70,176,'1','23200','2021-08-06','2021-08-30 17:00:16','2021-08-30 17:00:16'),(15,2,36,289,'1','52974.97','2021-08-06','2021-08-30 17:01:18','2021-08-30 17:01:18'),(16,2,28,290,'1','7737.50','2021-08-06','2021-08-30 17:01:50','2021-08-30 17:01:50'),(17,2,61,277,'1','12650','2021-08-06','2021-08-30 17:02:28','2021-08-30 17:02:28'),(18,2,61,278,'1','12650','2021-08-06','2021-08-30 17:03:03','2021-08-30 17:03:03'),(19,2,61,279,'1','12650','2021-08-06','2021-08-30 17:03:38','2021-08-30 17:03:38'),(20,2,75,27,'1','5886','2021-08-06','2021-08-30 17:04:58','2021-08-30 17:04:58'),(21,2,82,110,'1','2708.14','2021-08-06','2021-08-30 17:06:21','2021-08-30 17:06:21'),(22,2,47,127,'1','2970','2021-08-06','2021-08-30 17:09:05','2021-08-30 17:09:05'),(23,2,5,3,'1','2760','2021-08-06','2021-08-30 17:10:12','2021-08-30 17:10:12'),(24,2,5,4,'1','10000','2021-08-06','2021-08-30 17:11:14','2021-08-30 17:11:14'),(25,2,1,260,'1','60320','2021-08-06','2021-08-30 17:11:43','2021-08-30 17:11:43'),(26,2,65,170,'1','41250','2021-08-06','2021-08-30 17:12:06','2021-08-30 17:12:06'),(27,2,2,2,'1','105328','2021-08-06','2021-08-30 17:12:38','2021-08-30 17:12:38'),(28,2,32,62,'1','9564','2021-08-06','2021-08-30 17:14:30','2021-08-30 17:14:30'),(29,2,32,63,'1','14094','2021-08-06','2021-08-30 17:15:01','2021-08-30 17:15:01'),(30,2,32,64,'1','14094','2021-08-06','2021-08-30 17:15:40','2021-08-30 17:15:40'),(31,2,32,65,'1','14094','2021-08-06','2021-08-30 17:16:17','2021-08-30 17:16:17'),(32,2,32,66,'1','14094','2021-08-06','2021-08-30 17:19:59','2021-08-30 17:19:59'),(33,2,6,26,'1','27840','2021-08-09','2021-08-30 17:23:05','2021-08-30 17:23:05'),(34,2,40,286,'1','66120','2021-08-09','2021-08-30 17:23:35','2021-08-30 17:23:35'),(35,2,38,336,'1','880','2021-08-09','2021-08-30 17:24:13','2021-08-30 17:24:13'),(36,2,40,284,'1','39672','2021-08-09','2021-08-30 17:24:50','2021-08-30 17:24:50'),(37,2,40,285,'1','26448','2021-08-09','2021-08-30 17:25:28','2021-08-30 17:25:28'),(38,2,7,306,'1','13200','2021-08-09','2021-08-30 17:26:05','2021-08-30 17:26:05'),(39,2,63,266,'1','13200','2021-08-09','2021-08-30 17:27:50','2021-08-30 17:27:50'),(40,2,71,317,'1','16500','2021-08-09','2021-08-30 17:28:26','2021-08-30 17:28:26'),(41,2,79,112,'1','48179.24','2021-08-10','2021-08-30 17:29:23','2021-08-30 17:29:23'),(42,2,74,1,'1','17937.08','2021-08-10','2021-08-30 17:29:58','2021-08-30 17:29:58'),(43,2,25,60,'1','13920','2021-08-10','2021-08-30 17:30:31','2021-08-30 17:30:31'),(44,2,25,61,'1','13920','2021-08-10','2021-08-30 17:30:55','2021-08-30 17:30:55'),(45,2,25,282,'1','13920','2021-08-10','2021-08-30 17:31:24','2021-08-30 17:31:24'),(46,2,72,178,'1','147418.35','2021-08-10','2021-08-30 17:31:54','2021-08-30 17:31:54'),(47,2,50,313,'1','15660','2021-08-10','2021-08-30 17:32:17','2021-08-30 17:32:17'),(48,2,22,283,'1','2610','2021-08-11','2021-08-30 17:32:43','2021-08-30 17:32:43'),(49,2,26,309,'1','14300','2021-08-11','2021-08-30 17:33:31','2021-08-30 17:33:31'),(50,2,82,110,'2','4500','2021-08-11','2021-08-30 17:34:21','2021-08-30 17:34:21'),(51,2,34,106,'1','10936.20','2021-08-11','2021-08-30 17:34:58','2021-08-30 17:34:58'),(52,2,14,273,'1','12760','2021-08-12','2021-08-30 17:35:33','2021-08-30 17:35:33'),(53,2,42,267,'1','14410','2021-08-12','2021-08-30 17:36:15','2021-08-30 17:36:15'),(54,2,59,329,'1','11252','2021-08-13','2021-08-30 17:37:36','2021-08-30 17:37:36'),(55,2,59,330,'1','11252','2021-08-13','2021-08-30 17:38:03','2021-08-30 17:38:03'),(56,2,59,331,'1','11252','2021-08-13','2021-08-30 17:38:37','2021-08-30 17:38:37'),(57,2,59,333,'1','13456','2021-08-13','2021-08-30 17:39:13','2021-08-30 17:39:13'),(58,2,59,334,'1','13456','2021-08-13','2021-08-30 17:40:08','2021-08-30 17:40:08'),(59,2,34,339,'1','10936.20','2021-08-13','2021-08-30 17:40:56','2021-08-30 17:40:56'),(60,2,5,4,'2','2760','2021-08-13','2021-08-30 17:43:27','2021-08-30 17:43:27'),(61,2,5,6,'1','10000','2021-08-13','2021-08-30 17:44:21','2021-08-30 17:44:21'),(62,2,35,293,'1','28536','2021-08-13','2021-08-30 17:46:18','2021-08-30 17:46:18'),(63,2,35,294,'1','42804','2021-08-13','2021-08-30 17:46:45','2021-08-30 17:46:45'),(64,2,16,301,'1','13200','2021-08-13','2021-08-30 17:47:10','2021-08-30 17:47:10'),(65,2,41,327,'1','435','2021-08-13','2021-08-30 17:47:37','2021-08-30 17:47:37'),(67,2,49,117,'1','487.20','2021-08-16','2021-08-30 17:49:30','2021-08-30 17:49:30'),(68,2,49,118,'1','487.20','2021-08-16','2021-08-30 17:49:52','2021-08-30 17:49:52'),(69,2,49,119,'1','487.20','2021-08-16','2021-08-30 17:50:25','2021-08-30 17:50:25'),(70,2,49,120,'1','487.20','2021-08-16','2021-08-30 17:50:47','2021-08-30 17:50:47'),(71,2,49,326,'1','487.20','2021-08-16','2021-08-30 17:51:12','2021-08-30 17:51:12'),(72,2,86,302,'1','29000','2021-08-16','2021-08-30 17:51:41','2021-08-30 17:51:41'),(73,2,47,328,'1','92070','2021-08-16','2021-08-30 17:52:08','2021-08-30 17:52:08'),(74,2,27,59,'1','21205.80','2021-08-18','2021-08-30 17:52:53','2021-08-30 17:52:53'),(75,2,31,315,'1','27840','2021-08-18','2021-08-30 17:53:20','2021-08-30 17:53:20'),(76,2,29,314,'1','12180','2021-08-18','2021-08-30 17:53:57','2021-08-30 17:53:57'),(77,2,64,159,'1','8700','2021-08-19','2021-08-30 17:55:05','2021-08-30 17:55:05'),(78,2,9,307,'1','25300','2021-08-19','2021-08-30 17:58:32','2021-08-30 17:58:32'),(79,2,32,73,'1','14094','2021-08-19','2021-08-30 17:59:41','2021-08-30 17:59:41'),(80,2,32,74,'1','14094','2021-08-19','2021-08-30 18:00:10','2021-08-30 18:00:10'),(81,2,32,75,'1','14094','2021-08-19','2021-08-30 18:00:40','2021-08-30 18:00:40'),(82,2,32,76,'1','14094','2021-08-19','2021-08-30 18:01:28','2021-08-30 18:01:28'),(83,2,32,77,'1','14094','2021-08-19','2021-08-30 18:02:25','2021-08-30 18:02:25'),(84,2,32,67,'1','14094','2021-08-19','2021-08-30 18:03:24','2021-08-30 18:03:24'),(85,2,32,68,'1','14094','2021-08-19','2021-08-30 18:04:10','2021-08-30 18:04:10'),(86,2,32,69,'1','14094','2021-08-19','2021-08-30 18:04:35','2021-08-30 18:04:35'),(87,2,32,70,'1','14094','2021-08-19','2021-08-30 18:05:08','2021-08-30 18:05:08'),(88,2,32,71,'1','14094','2021-08-19','2021-08-30 18:05:46','2021-08-30 18:05:46'),(89,2,32,72,'1','2349','2021-08-19','2021-08-30 18:06:44','2021-08-30 18:06:44'),(90,2,41,115,'1','435','2021-08-19','2021-08-30 18:07:12','2021-08-30 18:07:12'),(91,2,41,116,'1','435','2021-08-19','2021-08-30 18:07:30','2021-08-30 18:07:30'),(92,2,10,275,'1','27840','2021-08-19','2021-08-30 18:07:50','2021-08-30 18:07:50'),(93,2,4,296,'1','25520','2021-08-20','2021-08-30 18:10:10','2021-08-30 18:10:10'),(94,2,5,8,'1','6380','2021-08-20','2021-08-30 18:11:08','2021-08-30 18:11:08'),(96,2,13,31,'1','12760','2021-08-20','2021-08-30 18:12:23','2021-08-30 18:12:23'),(97,2,13,304,'1','12760','2021-08-20','2021-08-30 18:12:44','2021-08-30 18:12:44'),(98,2,68,263,'1','27840','2021-08-20','2021-08-30 18:13:06','2021-08-30 18:13:06'),(99,2,68,264,'1','17980','2021-08-20','2021-08-30 18:13:31','2021-08-30 18:13:31'),(100,2,57,136,'1','27500','2021-08-24','2021-08-30 18:14:17','2021-08-30 18:14:17'),(101,2,66,169,'1','26680','2021-08-24','2021-08-30 18:14:44','2021-08-30 18:14:44'),(102,2,34,355,'1','10936.20','2021-08-25','2021-08-30 18:15:13','2021-08-30 18:15:13'),(103,2,58,292,'1','25984','2021-08-25','2021-08-30 18:16:10','2021-08-30 18:16:10'),(104,2,39,111,'1','12992','2021-08-25','2021-08-30 18:16:39','2021-08-30 18:16:39'),(105,2,69,305,'1','42804','2021-08-25','2021-08-30 18:18:52','2021-08-30 18:18:52'),(106,2,172,337,'1','13069.53','2021-08-25','2021-08-30 18:22:09','2021-08-30 18:22:09'),(107,2,48,274,'1','12760','2021-08-25','2021-08-30 18:22:37','2021-08-30 18:22:37'),(108,2,65,265,'1','41250','2021-08-26','2021-08-30 18:23:10','2021-08-30 18:23:10'),(109,2,19,338,'1','28600','2021-08-27','2021-08-30 18:23:39','2021-08-30 18:23:39'),(110,2,62,281,'1','59856','2021-08-27','2021-08-30 18:24:11','2021-08-30 18:24:11'),(111,2,5,8,'2','6380','2021-08-27','2021-08-30 18:24:47','2021-08-30 18:24:47'),(113,2,45,128,'1','38666.98','2021-08-02','2021-08-31 08:56:16','2021-08-31 08:56:16'),(114,2,21,53,'1','26400','2021-08-02','2021-08-31 08:56:48','2021-08-31 08:56:48'),(115,2,8,17,'1','13920','2021-08-02','2021-08-31 08:57:21','2021-08-31 08:57:21'),(116,2,8,19,'1','13920','2021-08-14','2021-08-31 08:58:08','2021-08-31 08:58:08'),(117,2,166,244,'1','40','2021-08-03','2021-08-31 10:31:47','2021-08-31 10:31:47'),(118,2,175,362,'1','928','2021-08-03','2021-08-31 10:32:34','2021-08-31 10:32:34'),(119,2,176,363,'1','1140','2021-08-03','2021-08-31 10:33:33','2021-08-31 10:33:33'),(120,2,161,399,'1','55680','2021-08-03','2021-08-31 10:34:04','2021-08-31 10:34:04'),(121,2,165,390,'1','23200','2021-08-04','2021-08-31 10:35:30','2021-08-31 10:35:30'),(122,2,167,247,'1','10000','2021-08-11','2021-08-31 10:36:34','2021-08-31 10:36:34'),(123,2,163,389,'1','31320','2021-08-12','2021-08-31 10:37:09','2021-08-31 10:37:09'),(124,2,162,391,'1','23200','2021-08-19','2021-08-31 10:37:47','2021-08-31 10:37:47'),(125,2,168,397,'1','26680','2021-08-24','2021-08-31 10:38:18','2021-08-31 10:38:18'),(137,2,166,245,'1','11600','2021-08-26','2021-08-31 10:45:09','2021-08-31 10:45:09'),(138,2,165,409,'1','23100','2021-08-27','2021-08-31 10:46:05','2021-08-31 10:46:05'),(139,2,165,410,'1','12100','2021-08-27','2021-08-31 10:46:33','2021-08-31 10:46:33'),(140,1,117,365,'221','304.34','2021-08-06','2021-08-31 11:09:43','2021-08-31 11:09:43'),(141,1,132,368,'227','1353.37','2021-08-26','2021-08-31 11:10:27','2021-08-31 11:10:27'),(142,1,133,369,'219','1254','2021-08-04','2021-08-31 11:11:41','2021-08-31 11:11:41'),(143,1,122,372,'225','313.20','2021-08-21','2021-08-31 11:12:28','2021-08-31 11:12:28'),(144,1,107,385,'218','1295.58','2021-08-04','2021-08-31 11:13:33','2021-08-31 11:13:33'),(145,1,120,427,'224','341','2021-08-21','2021-08-31 11:26:28','2021-08-31 11:26:28'),(146,2,97,188,'1','9774.93','2021-08-02','2021-08-31 11:34:26','2021-08-31 11:34:26'),(148,2,106,193,'1','9280','2021-08-02','2021-08-31 11:35:06','2021-08-31 11:35:06'),(149,2,122,206,'1','20880','2021-08-02','2021-08-31 11:37:06','2021-08-31 11:37:06'),(150,2,98,189,'1','9744','2021-08-03','2021-08-31 11:41:15','2021-08-31 11:41:15'),(151,2,114,202,'1','10208','2021-08-05','2021-08-31 11:42:10','2021-08-31 11:42:10'),(152,2,94,187,'1','6746.64','2021-08-05','2021-08-31 11:42:45','2021-08-31 11:42:45'),(154,2,93,404,'1','10440','2021-08-06','2021-08-31 11:46:53','2021-08-31 11:46:53'),(155,2,117,365,'1','17955.66','2021-08-06','2021-08-31 11:49:19','2021-08-31 11:49:19'),(156,2,111,200,'1','3196','2021-08-09','2021-08-31 11:49:41','2021-08-31 11:49:41'),(158,2,129,400,'1','10120','2021-08-09','2021-08-31 11:50:16','2021-08-31 11:50:16'),(159,2,112,201,'1','9280','2021-08-10','2021-08-31 11:50:40','2021-08-31 11:50:40'),(161,2,133,370,'1','9038.33','2021-08-10','2021-08-31 11:52:27','2021-08-31 11:52:27'),(162,2,124,392,'1','4125','2021-08-10','2021-08-31 11:53:11','2021-08-31 11:53:11'),(163,2,101,394,'1','9020','2021-08-10','2021-08-31 11:53:35','2021-08-31 11:53:35'),(165,2,136,402,'1','9900','2021-08-12','2021-08-31 11:58:09','2021-08-31 11:58:09'),(166,2,123,371,'1','9048','2021-08-13','2021-08-31 12:04:13','2021-08-31 12:04:13'),(167,2,132,213,'1','20000','2021-08-13','2021-08-31 12:04:48','2021-08-31 12:04:48'),(168,2,88,381,'1','9460','2021-08-13','2021-08-31 12:13:10','2021-08-31 12:13:10'),(169,2,131,364,'1','8800','2021-08-13','2021-08-31 12:13:32','2021-08-31 12:13:32'),(170,2,95,419,'1','20880','2021-08-16','2021-08-31 12:13:56','2021-08-31 12:13:56'),(171,2,138,418,'1','8250','2021-08-16','2021-08-31 12:14:25','2021-08-31 12:14:25'),(172,2,89,417,'1','9405.66','2021-08-18','2021-08-31 12:14:52','2021-08-31 12:14:52'),(173,2,116,366,'1','31320','2021-08-18','2021-08-31 12:16:22','2021-08-31 12:16:22'),(174,2,90,183,'1','8120','2021-08-19','2021-08-31 12:16:54','2021-08-31 12:16:54'),(176,2,142,220,'1','7700','2021-08-19','2021-08-31 12:18:06','2021-08-31 12:18:06'),(177,2,132,213,'2','18000','2021-08-20','2021-08-31 12:18:34','2021-08-31 12:18:34'),(178,2,105,377,'1','10092','2021-08-20','2021-08-31 12:19:00','2021-08-31 12:19:00'),(179,2,124,422,'1','4125','2021-08-23','2021-08-31 12:19:19','2021-08-31 12:19:19'),(180,2,146,373,'1','9048','2021-08-24','2021-08-31 12:19:41','2021-08-31 12:19:41'),(181,2,130,211,'1','38720','2021-08-24','2021-08-31 12:20:06','2021-08-31 12:20:06'),(182,2,135,215,'1','20184','2021-08-24','2021-08-31 12:20:51','2021-08-31 12:20:51'),(183,2,144,421,'1','4950','2021-08-24','2021-08-31 12:21:10','2021-08-31 12:21:10'),(184,2,140,425,'1','9512','2021-08-24','2021-08-31 12:21:34','2021-08-31 12:21:34'),(185,2,145,222,'1','39440','2021-08-25','2021-08-31 12:22:12','2021-08-31 12:22:12'),(186,2,145,223,'1','39440','2021-08-25','2021-08-31 12:23:58','2021-08-31 12:23:58'),(187,2,100,415,'1','9222','2021-08-25','2021-08-31 12:24:22','2021-08-31 12:24:22'),(188,2,139,379,'1','10440','2021-08-26','2021-08-31 12:24:43','2021-08-31 12:24:43'),(189,2,89,428,'1','9130','2021-08-26','2021-08-31 12:25:10','2021-08-31 12:25:10'),(190,2,134,414,'1','9187.20','2021-08-27','2021-08-31 12:25:54','2021-08-31 12:25:54'),(191,2,115,434,'1','38360','2021-08-27','2021-08-31 12:26:45','2021-08-31 12:26:45'),(193,2,132,367,'1','4280','2021-08-27','2021-08-31 12:29:09','2021-08-31 12:29:09'),(194,2,103,408,'1','9512','2021-08-27','2021-08-31 12:29:56','2021-08-31 12:29:56'),(197,2,77,40,'1','30160','2021-08-30','2021-08-31 13:04:57','2021-08-31 13:04:57'),(198,2,77,42,'1','1005.35','2021-08-30','2021-08-31 13:05:54','2021-08-31 13:05:54'),(199,2,11,310,'1','34540','2021-08-30','2021-08-31 13:07:08','2021-08-31 13:07:08'),(200,2,45,311,'1','58000','2021-08-30','2021-08-31 13:07:52','2021-08-31 13:07:52'),(201,2,99,442,'2790','13920','2021-08-05','2021-08-31 13:08:08','2021-08-31 13:08:08'),(202,2,67,172,'1','29000','2021-08-30','2021-08-31 13:08:53','2021-08-31 13:08:53'),(203,2,20,316,'1','27500','2021-08-30','2021-08-31 13:09:48','2021-08-31 13:09:48'),(204,2,38,439,'1','13920','2021-08-30','2021-08-31 13:11:28','2021-08-31 13:11:28'),(205,2,38,361,'1','928','2021-08-30','2021-08-31 13:12:26','2021-08-31 13:12:26'),(206,2,153,446,'2835','8584','2021-08-17','2021-08-31 14:21:50','2021-08-31 14:21:50'),(207,2,157,443,'2809','8250','2021-08-17','2021-08-31 14:22:22','2021-08-31 14:22:22'),(208,2,158,226,'2643','9280','2021-08-30','2021-08-31 14:23:52','2021-08-31 14:23:52'),(209,2,158,448,'2853','9280','2021-08-25','2021-08-31 14:26:26','2021-08-31 14:26:26'),(210,2,94,186,'2797','8506.66','2021-08-05','2021-08-31 14:48:47','2021-08-31 14:48:47'),(211,2,30,262,'1','31662.20','2021-08-31','2021-08-31 15:33:16','2021-08-31 15:33:16'),(212,2,65,353,'1','41250','2021-08-31','2021-08-31 15:34:08','2021-08-31 15:34:08'),(213,2,17,34,'1','25520','2021-08-31','2021-08-31 15:35:10','2021-08-31 15:35:10'),(214,2,8,320,'1','13920','2021-08-28','2021-08-31 17:18:19','2021-08-31 17:18:19'),(221,2,169,407,'1','25520','2021-08-25','2021-08-25 00:00:00','2021-09-02 12:45:26'),(222,2,169,455,'1','12180','2021-08-25','2021-08-25 00:00:00','2021-09-02 13:14:47'),(223,2,169,456,'1','62640','2021-08-25','2021-08-25 00:00:00','2021-09-02 13:15:13'),(224,2,169,457,'1','12180','2021-09-25','2021-08-25 00:00:00','2021-09-02 13:15:48'),(225,2,169,458,'1','12180','2021-08-25','2021-08-25 00:00:00','2021-09-02 13:16:08'),(226,2,169,459,'1','12180','2021-08-25','2021-08-25 00:00:00','2021-09-02 13:16:32'),(227,2,169,451,'1','11754.66','2021-08-25','2021-08-25 00:00:00','2021-09-02 13:17:11'),(228,2,169,452,'1','62640','2021-08-25','2021-08-25 00:00:00','2021-09-02 13:17:39'),(229,2,169,453,'1','12180','2021-08-25','2021-08-25 00:00:00','2021-09-02 13:18:07'),(230,2,169,454,'1','12180','2021-08-25','2021-08-25 00:00:00','2021-09-02 13:18:28'),(231,2,169,460,'1','12180','2021-08-25','2021-08-25 00:00:00','2021-09-02 13:18:51'),(232,1,134,414,'226','1020.80','2021-08-24','2021-09-06 10:40:22','2021-09-06 11:39:48'),(233,1,110,374,'222','962.80','2021-08-24','2021-09-06 10:41:15','2021-09-06 11:39:30'),(234,2,102,411,'1','7980.78','2021-08-11','2021-09-06 10:53:42','2021-09-06 10:53:42'),(235,2,104,398,'1','9900','2021-08-19','2021-09-06 10:56:40','2021-09-06 10:56:40'),(236,2,119,203,'1','10440','2021-08-25','2021-09-06 10:58:06','2021-09-06 10:58:06'),(237,2,142,432,'1','7700','2021-08-30','2021-09-06 10:58:58','2021-09-06 10:58:58'),(238,2,104,192,'1','9900','2021-08-30','2021-09-06 10:59:48','2021-09-06 12:02:44'),(239,2,122,372,'1','20556.80','2021-08-30','2021-09-06 11:00:11','2021-09-06 11:25:17'),(240,2,133,369,'1','17556','2021-08-10','2021-09-06 11:02:43','2021-09-06 11:02:43'),(241,2,73,297,'1','55000','2021-09-01','2021-09-06 11:04:04','2021-09-06 11:04:04'),(242,2,132,213,'3','10720','2021-08-27','2021-09-06 11:04:33','2021-09-06 11:04:33'),(243,2,73,298,'1','55000','2021-09-01','2021-09-06 11:04:34','2021-09-06 11:04:34'),(244,2,51,131,'1','24023.60','2021-09-01','2021-09-06 11:05:04','2021-09-06 11:05:04'),(245,2,51,130,'1','3828.03','2021-09-01','2021-09-06 11:05:47','2021-09-06 11:05:47'),(246,2,51,129,'1','12644','2021-09-01','2021-09-06 11:07:53','2021-09-06 11:07:53'),(247,2,67,173,'1','29000','2021-09-01','2021-09-06 11:08:20','2021-09-06 11:08:20'),(248,2,67,335,'1','29000','2021-09-01','2021-09-06 11:08:45','2021-09-06 11:08:45'),(249,2,54,303,'1','19786.14','2021-09-02','2021-09-06 11:09:24','2021-09-06 11:09:24'),(250,2,3,16,'1','29000','2021-09-02','2021-09-06 11:09:53','2021-09-06 11:09:53'),(251,2,28,495,'1','7737.50','2021-09-03','2021-09-06 11:10:29','2021-09-06 11:10:29'),(252,2,160,447,'1','60335.46','2021-08-27','2021-09-06 11:18:50','2021-09-06 11:18:50'),(253,2,159,444,'1','8250','2021-08-13','2021-09-06 11:19:20','2021-09-06 11:19:20'),(254,1,111,200,'223','294.66','2021-08-24','2021-09-06 11:40:35','2021-09-06 11:40:35'),(255,2,161,513,'1','55680','2021-09-03','2021-09-06 14:34:13','2021-09-06 14:34:13'),(256,2,97,430,'1','10092','2021-09-01','2021-09-07 12:51:25','2021-09-07 12:51:25'),(257,2,106,194,'1','9280','2021-09-01','2021-09-07 12:51:51','2021-09-07 12:51:51'),(258,2,147,225,'1','12650','2021-09-02','2021-09-07 12:52:35','2021-09-07 12:52:35'),(259,2,121,204,'1','45954.89','2021-09-02','2021-09-07 12:53:05','2021-09-07 12:53:05'),(260,2,118,426,'1','9460','2021-09-02','2021-09-07 12:53:46','2021-09-07 12:53:46'),(261,2,118,543,'1','9460','2021-09-02','2021-09-07 12:56:01','2021-09-07 12:56:01'),(262,2,98,375,'1','9744','2021-09-02','2021-09-07 12:56:27','2021-09-07 12:56:27'),(263,2,98,190,'1','9419.20','2021-09-02','2021-09-07 12:56:58','2021-09-07 12:56:58'),(264,2,114,378,'1','10208','2021-09-03','2021-09-07 12:57:28','2021-09-07 12:57:28'),(265,2,177,540,'1','12528','2021-09-03','2021-09-07 12:58:38','2021-09-07 12:58:38'),(266,2,159,545,'1','8700','2021-09-06','2021-09-07 13:04:11','2021-09-07 13:04:11'),(267,1,132,516,'228','618.67','2021-09-03','2021-09-07 13:06:14','2021-09-07 13:06:24'),(268,1,133,518,'229','1653','2021-09-03','2021-09-07 13:06:52','2021-09-07 13:06:52'),(269,1,110,374,'230','481.41','2021-09-03','2021-09-07 13:08:31','2021-09-07 13:08:31'),(270,2,37,359,'1','12834.37','2021-09-03','2021-09-07 17:43:11','2021-09-07 17:43:11'),(271,2,15,33,'1','7425','2021-09-03','2021-09-07 17:43:44','2021-09-07 17:43:44'),(272,2,5,9,'1','6380','2021-09-03','2021-09-07 17:44:22','2021-09-07 17:44:22'),(273,2,53,343,'1','23200','2021-09-03','2021-09-07 17:44:51','2021-09-07 17:44:51'),(274,2,6,287,'1','27840','2021-09-07','2021-09-07 17:45:20','2021-09-07 17:45:20'),(275,2,164,395,'1','25520','2021-09-07','2021-09-07 18:15:34','2021-09-07 18:15:34'),(276,2,164,511,'1','25520','2021-09-07','2021-09-07 18:15:59','2021-09-07 18:15:59'),(277,2,116,589,'1','31320','2021-09-07','2021-09-08 11:55:10','2021-09-08 11:55:10'),(278,2,7,563,'1','13920','2021-09-07','2021-09-08 13:03:41','2021-09-08 13:03:41'),(279,2,52,485,'1','6960','2021-09-07','2021-09-08 13:04:31','2021-09-08 13:04:31'),(280,2,55,467,'1','14500','2021-09-07','2021-09-08 13:05:20','2021-09-08 13:05:20'),(281,2,33,496,'1','20487.51','2021-09-07','2021-09-08 13:06:00','2021-09-08 13:06:00'),(282,2,4,551,'1','25520','2021-09-07','2021-09-08 13:06:23','2021-09-08 13:06:23'),(283,2,70,271,'1','23200','2021-09-08','2021-09-08 13:07:00','2021-09-08 13:07:00'),(284,2,29,557,'1','12180','2021-09-08','2021-09-09 14:27:19','2021-09-09 14:27:19'),(285,2,25,488,'1','13920','2021-09-08','2021-09-09 14:27:46','2021-09-09 14:27:46'),(286,1,136,537,'231','696','2021-09-07','2021-09-10 11:27:37','2021-09-10 11:27:37'),(287,1,107,532,'232','683.12','2021-09-07','2021-09-10 11:28:12','2021-09-10 11:28:12'),(288,1,122,521,'233','688.27','2021-09-07','2021-09-10 12:06:26','2021-09-10 12:06:26'),(289,2,136,537,'1','9744','2021-09-09','2021-09-10 13:16:03','2021-09-10 13:16:03'),(290,2,9,308,'1','25300','2021-09-09','2021-09-10 13:47:08','2021-09-10 13:47:08'),(291,2,174,352,'1','32712','2021-09-09','2021-09-10 13:47:38','2021-09-10 13:50:48'),(292,2,179,486,'1','60320','2021-09-10','2021-09-10 13:48:04','2021-09-10 13:48:04'),(293,2,61,482,'1','13340','2021-09-10','2021-09-10 13:48:33','2021-09-10 13:48:33'),(294,2,61,483,'1','13340','2021-09-10','2021-09-10 13:48:54','2021-09-10 13:48:54'),(295,2,61,484,'1','13340','2021-09-10','2021-09-10 13:49:18','2021-09-10 13:49:18'),(296,2,2,288,'1','105328','2021-09-10','2021-09-13 15:42:07','2021-09-13 15:42:07'),(297,2,5,9,'2','6380','2021-09-10','2021-09-13 15:43:24','2021-09-13 15:43:24'),(298,2,1,487,'1','60320','2021-09-10','2021-09-13 15:43:53','2021-09-13 15:43:53'),(299,2,72,268,'1','145750','2021-09-10','2021-09-13 15:44:16','2021-09-13 15:44:16'),(300,2,35,548,'1','28536','2021-09-10','2021-09-13 15:44:44','2021-09-13 15:44:44'),(301,2,35,549,'1','42804','2021-09-10','2021-09-13 15:45:16','2021-09-13 15:45:16'),(302,2,42,472,'1','14778.30','2021-09-11','2021-09-13 15:45:49','2021-09-13 15:45:49'),(303,2,10,480,'1','27840','2021-09-13','2021-09-17 12:10:23','2021-09-17 12:10:23'),(304,2,86,554,'1','29000','2021-09-13','2021-09-17 12:10:49','2021-09-17 12:10:49'),(305,2,71,560,'1','17400','2021-09-14','2021-09-17 12:11:44','2021-09-17 12:11:44'),(306,2,50,556,'1','15660','2021-09-14','2021-09-17 12:12:26','2021-09-17 12:12:26'),(307,2,26,566,'1','14300','2021-09-15','2021-09-17 12:12:51','2021-09-17 12:12:51'),(308,2,8,25,'1','13920','2021-09-15','2021-09-17 12:13:20','2021-09-17 12:13:20'),(309,2,26,566,'2','780','2021-09-15','2021-09-17 12:13:46','2021-09-17 12:13:46'),(310,2,63,471,'1','13920','2021-09-15','2021-09-17 12:14:15','2021-09-17 12:14:15'),(311,2,13,561,'1','15312','2021-09-15','2021-09-17 12:14:42','2021-09-17 12:14:42'),(312,2,173,351,'1','49068','2021-09-15','2021-09-17 12:15:33','2021-09-17 12:15:33'),(313,2,59,580,'1','11252','2021-09-17','2021-09-17 12:16:04','2021-09-17 12:16:04'),(314,2,59,581,'1','11252','2021-09-17','2021-09-17 12:16:25','2021-09-17 12:16:25'),(315,2,59,582,'1','11252','2021-09-17','2021-09-17 12:16:45','2021-09-17 12:16:45'),(316,2,59,583,'1','13456','2021-09-17','2021-09-17 12:17:07','2021-09-17 12:17:07'),(317,2,59,584,'1','13456','2021-09-17','2021-09-17 12:17:29','2021-09-17 12:17:29');

/*Table structure for table `roles` */

DROP TABLE IF EXISTS `roles`;

CREATE TABLE `roles` (
  `id` int(11) NOT NULL AUTO_INCREMENT,
  `descripcion` varchar(255) NOT NULL,
  `created_at` datetime DEFAULT NULL,
  `updated_at` datetime DEFAULT NULL,
  PRIMARY KEY (`id`)
) ENGINE=InnoDB AUTO_INCREMENT=2 DEFAULT CHARSET=utf8mb4;

/*Data for the table `roles` */

insert  into `roles`(`id`,`descripcion`,`created_at`,`updated_at`) values (1,'Administrador','2021-03-08 00:40:22','2021-03-08 00:40:22');

/*Table structure for table `status` */

DROP TABLE IF EXISTS `status`;

CREATE TABLE `status` (
  `id` int(11) NOT NULL AUTO_INCREMENT,
  `nombre` varchar(100) NOT NULL,
  `descripcion` varchar(255) NOT NULL,
  `clase` varchar(100) NOT NULL,
  `created_at` datetime DEFAULT NULL,
  `updated_at` datetime DEFAULT NULL,
  PRIMARY KEY (`id`)
) ENGINE=InnoDB AUTO_INCREMENT=5 DEFAULT CHARSET=utf8mb4;

/*Data for the table `status` */

insert  into `status`(`id`,`nombre`,`descripcion`,`clase`,`created_at`,`updated_at`) values (1,'Normal','Factura vigente','success','2021-06-09 00:26:10','2021-06-09 00:26:10'),(2,'Morosa','Facturas que tengan más de 45 a 60 sean morosas','warning','2021-06-09 00:26:10','2021-06-09 00:26:10'),(3,'Prelegal','Facturas que tengan entre 61 a 80 días atrasados.','info','2021-06-09 00:26:10','2021-06-09 00:26:10'),(4,'Legal','Facturas con más de 81 días de atraso.','danger','2021-06-09 00:26:10','2021-06-09 00:26:10');

/*Table structure for table `tipo_contactos` */

DROP TABLE IF EXISTS `tipo_contactos`;

CREATE TABLE `tipo_contactos` (
  `id` int(11) NOT NULL AUTO_INCREMENT,
  `nombre` varchar(20) NOT NULL,
  `created_at` datetime DEFAULT NULL,
  `updated_at` datetime DEFAULT NULL,
  PRIMARY KEY (`id`)
) ENGINE=InnoDB AUTO_INCREMENT=4 DEFAULT CHARSET=utf8mb4;

/*Data for the table `tipo_contactos` */

insert  into `tipo_contactos`(`id`,`nombre`,`created_at`,`updated_at`) values (1,'Teléfono','2021-09-19 16:43:02',NULL),(2,'WhatsApp','2021-09-19 16:43:02',NULL),(3,'Correo','2021-09-19 16:43:02',NULL);

/*Table structure for table `tipo_recibos` */

DROP TABLE IF EXISTS `tipo_recibos`;

CREATE TABLE `tipo_recibos` (
  `id` int(11) NOT NULL AUTO_INCREMENT,
  `nombre` varchar(50) NOT NULL,
  `clase` varchar(100) NOT NULL,
  `created_at` datetime DEFAULT NULL,
  `updated_at` datetime DEFAULT NULL,
  PRIMARY KEY (`id`)
) ENGINE=InnoDB AUTO_INCREMENT=3 DEFAULT CHARSET=utf8mb4;

/*Data for the table `tipo_recibos` */

insert  into `tipo_recibos`(`id`,`nombre`,`clase`,`created_at`,`updated_at`) values (1,'Nota de crédito','info','2021-06-03 18:03:59','2021-06-03 18:03:59'),(2,'Pagos','success','2021-06-03 18:03:59','2021-06-03 18:03:59');

/*Table structure for table `users` */

DROP TABLE IF EXISTS `users`;

CREATE TABLE `users` (
  `id` int(11) NOT NULL AUTO_INCREMENT,
  `role_id` int(11) DEFAULT NULL,
  `razon_social_id` int(11) DEFAULT NULL,
  `fullname` varchar(255) NOT NULL,
  `email` varchar(255) NOT NULL,
  `password` varchar(255) NOT NULL,
  `photo` varchar(255) DEFAULT NULL,
  `telefono` varchar(255) DEFAULT NULL,
  `remember_token` varchar(255) DEFAULT NULL,
  `status` tinyint(4) DEFAULT 1,
  `created_at` datetime DEFAULT NULL,
  `updated_at` datetime DEFAULT NULL,
  `deleted_at` datetime DEFAULT NULL,
  PRIMARY KEY (`id`),
  KEY `role_id` (`role_id`),
  KEY `razon_social_id` (`razon_social_id`),
  CONSTRAINT `users_ibfk_1` FOREIGN KEY (`role_id`) REFERENCES `roles` (`id`) ON DELETE CASCADE ON UPDATE CASCADE,
  CONSTRAINT `users_ibfk_2` FOREIGN KEY (`razon_social_id`) REFERENCES `razones_sociales` (`id`) ON DELETE SET NULL ON UPDATE CASCADE
) ENGINE=InnoDB AUTO_INCREMENT=14 DEFAULT CHARSET=utf8mb4;

/*Data for the table `users` */

insert  into `users`(`id`,`role_id`,`razon_social_id`,`fullname`,`email`,`password`,`photo`,`telefono`,`remember_token`,`status`,`created_at`,`updated_at`,`deleted_at`) values (1,1,NULL,'Administrador','admin@hotmail.com','$2y$10$KzMlpj5StUgWAZ1FGTgX.eGC7vu7alcdt16lqQtMun2gpUzvoVi2y','img/users/user-4.jpg','91801010','rtJczlOxITmFcUOHWpod2mc7jF5s26Wo9A9izIEBqW2anVOiETB4OKhYNHFT',1,NULL,'2021-08-26 17:41:01',NULL),(5,1,1,'Usuario de visualización','visualizacion@gmail.com','$2y$10$uCkXair5uJoyrFGIYi5TJ.wbAS9IMiWSA9xPDbBFMdUqcgpMx1gTe','img/users/default.jpg','9801010','5GM8LYcWWlDTFMxnoleWFxgSYwopTjF2SKjTp2FX0k7DiEk0sgX3bNEIz6l6',1,'2021-07-04 01:58:26','2021-07-04 02:03:53',NULL),(6,1,NULL,'Victor Arias','v.arias@topali.com.mx','$2y$10$2WqKdr.VUGd94kVXIPg.zevnR0pPMUf07kXAdRYdq0443Kk2OefR.','img/users/default.jpg','3331701129',NULL,1,'2021-08-24 16:45:33','2021-09-28 12:24:19','2021-09-28 12:24:19'),(7,1,1,'OMAR AGUAYO AVANCE','omar@avancetopali.com.mx','$2y$10$U3kQtUViTtrmJyMQxwZCm.gjPCJXPjPJPNPpU8MvEZAPgc82cORxW','img/users/default.jpg','333122552255','ksVgss7y6zsnkzsKqDbJjCqnX2HvhhD5C9SSjtiyOKIvf752s3wBq1fwX4fj',1,'2021-08-26 17:44:39','2021-08-26 17:44:39',NULL),(8,1,4,'Omar Aguayo Colosal','omar@seguridadprivadacolosal.com.mx','$2y$10$LxvALb8fb8zq7oRcUBsWWuujysUVh/GirmLbAg347ax5RosmFo4pK','img/users/default.jpg','222115522','qI1DP8RF5Zcsu8kYtofuLR81wrV8PBLh0PyjZ8wO5CliwAezcPuq4UibHSev',1,'2021-08-26 17:48:57','2021-08-26 17:48:57',NULL),(9,1,3,'Veronica Azulim GDL','veronica@limpiezaazulimgdl.com.mx','$2y$10$NHJeKp2VWvWLp1/hCwikj.72LAKgtsTy9mYeGd3p82CS/CdiQHvxm','img/users/default.jpg','3322554455','NBH7dpwAw06wsq6KbxVOFpMhNQHeAPY2bvvISfqEy6WrxUTMcc42w52DJLUF',1,'2021-08-26 17:52:54','2021-08-26 17:52:54',NULL),(10,1,2,'Veronica Azulim Leon','veronica@limpiezaazulimleon.com.mx','$2y$10$f0JtlUsrNT7TX9vV6/mQZuSJZ7TA5r5Pe/YdH7Vcnd.GubJv6qrnm','img/users/default.jpg','332255448','dl05s1w1n8EIXoBu7nGWE9HdlNZCEFwvoUDpCtOuvB8M6oTHWVX5U3DvwDkL',1,'2021-08-26 17:53:32','2021-08-26 17:53:32',NULL),(11,1,1,'Conrado Test','test@test.com','$2y$10$R/fOjQjyGZa9lPf89IXaM.v3Ga3hYnouLzw5mEBIaH5prDZ3CvIx2','img/users/default.jpg','9801010','YwLjMyFi8U5thuXKS8PsxQILbGM2JEbcbzDZITE6JjEYSgZNIHtmZ6FXl2RI',1,'2021-08-27 12:16:46','2021-09-02 13:37:27',NULL),(12,1,1,'OMAR AGUAYO TEST','omar_aguayo_test@gmail.com','$2y$10$kMJRSrceDK/3zdITfWneje0fVeZpPZM/zHEbezFRHGDQ8bKX27Rti','img/users/default.jpg','9801010','tyokY7po8lZgKdjRyGwMdsMvXiH4JYZg1iJp7Cxho8ntoR06zrK6hDizgW8Y',1,'2021-09-02 11:42:34','2021-09-02 13:37:45',NULL),(13,1,NULL,'Isa','isa_pepito@gmail.com','$2y$10$ApVpmZccWqAwOvEr3ZO19Oiq2upvS72kjIThhFqAt1FNLxZWgQml2','img/users/default.jpg','9801010','039boCQM2OpWthqLRXJr2DSm0I2wIzCUWSxN17DyVZy1GxY5uXBuhw4VYyCj',1,'2021-09-28 13:46:41','2021-09-28 14:28:16',NULL);

/*!40101 SET SQL_MODE=@OLD_SQL_MODE */;
/*!40014 SET FOREIGN_KEY_CHECKS=@OLD_FOREIGN_KEY_CHECKS */;
/*!40014 SET UNIQUE_CHECKS=@OLD_UNIQUE_CHECKS */;
/*!40111 SET SQL_NOTES=@OLD_SQL_NOTES */;
